time,x,y,z,vx,vy,vz,qw,qx,qy,qz,p,q,r
0.0,0.0,0.0,0.0004499940282438766,0.0,0.0,0.08999761132132401,1.0,0.0,0.0,0.0,0.0,0.0,0.0
0.01,0.0,0.0,0.001790837917236795,0.0,0.0,0.1781676800293186,1.0,0.0,0.0,0.0,0.0,0.0,0.0
0.02,0.0,0.0,0.004004238035615599,0.0,0.0,0.2645067079116834,1.0,0.0,0.0,0.0,0.0,0.0,0.0
0.03,0.0,0.0,0.007071873121579694,0.0,0.0,0.34901266433592715,1.0,0.0,0.0,0.0,0.0,0.0,0.0
0.04,0.0,0.0,0.01097540873140676,0.0,0.0,0.4316849406009056,1.0,0.0,0.0,0.0,0.0,0.0,0.0
0.05,0.0,0.0,0.015696511228307144,0.0,0.0,0.5125243036715263,1.0,0.0,0.0,0.0,0.0,0.0,0.0
0.06,0.0,0.0,0.02121686130613037,0.0,0.0,0.5915328494325579,1.0,0.0,0.0,0.0,0.0,0.0,0.0
0.07,0.0,0.0,0.027518167043770476,0.0,0.0,0.6687139555921727,1.0,0.0,0.0,0.0,0.0,0.0,0.0
0.08,0.0,0.0,0.03458217648739555,0.0,0.0,0.7440722343603184,1.0,0.0,0.0,0.0,0.0,0.0,0.0
0.09,0.0,0.0,0.04239068975884951,0.0,0.0,0.817613485021284,1.0,0.0,0.0,0.0,0.0,0.0,0.0
0.1,0.0,0.0,0.05092557068973857,0.0,0.0,0.8893446465139557,1.0,0.0,0.0,0.0,0.0,0.0,0.0
0.11,0.0,0.0,0.06016875798181995,0.0,0.0,0.9592737501272764,1.0,0.0,0.0,0.0,0.0,0.0,0.0
0.12,0.0,0.0,0.0701022758953556,0.0,0.0,1.0274098724123664,1.0,0.0,0.0,0.0,0.0,0.0,0.0
0.13,0.0,0.0,0.08070824446807769,0.0,0.0,1.0937630884066738,1.0,0.0,0.0,0.0,0.0,0.0,0.0
0.14,0.0,0.0,0.09196888926833588,0.0,0.0,1.1583444252594264,1.0,0.0,0.0,0.0,0.0,0.0,0.0
0.15,0.0,0.0,0.10386655068685917,0.0,0.0,1.2211658163415822,1.0,0.0,0.0,0.0,0.0,0.0,0.0
0.16,0.0,0.0,0.1163836927723664,0.0,0.0,1.282240055917459,1.0,0.0,0.0,0.0,0.0,0.0,0.0
0.17,0.0,0.0,0.12950291161700217,0.0,0.0,1.3415807544492786,1.0,0.0,0.0,0.0,0.0,0.0,0.0
0.18,0.0,0.0,0.14320694329825767,0.0,0.0,1.3992022946000204,1.0,0.0,0.0,0.0,0.0,0.0,0.0
0.19,0.0,0.0,0.15747867138466146,0.0,0.0,1.4551197879942563,1.0,0.0,0.0,0.0,0.0,0.0,0.0
0.2,0.0,0.0,0.17230113401309385,0.0,0.0,1.5093490327910575,1.0,0.0,0.0,0.0,0.0,0.0,0.0
0.21,0.0,0.0,0.18765753054609238,0.0,0.0,1.5619064721176383,1.0,0.0,0.0,0.0,0.0,0.0,0.0
0.22,0.0,0.0,0.20353122781797603,0.0,0.0,1.6128091534071431,1.0,0.0,0.0,0.0,0.0,0.0,0.0
0.23,0.0,0.0,0.2199057659790247,0.0,0.0,1.6620746886789064,1.0,0.0,0.0,0.0,0.0,0.0,0.0
0.24,0.0,0.0,0.23676486394730875,0.0,0.0,1.7097212157946333,1.0,0.0,0.0,0.0,0.0,0.0,0.0
0.25,0.0,0.0,0.254092424478075,0.0,0.0,1.7557673607192634,1.0,0.0,0.0,0.0,0.0,0.0,0.0
0.26,0.0,0.0,0.27187253886086016,0.0,0.0,1.8002322008107998,1.0,0.0,0.0,0.0,0.0,0.0,0.0
0.27,0.0,0.0,0.29008949125472444,0.0,0.0,1.8431352291591199,1.0,0.0,0.0,0.0,0.0,0.0,0.0
0.28,0.0,0.0,0.3087277626721775,0.0,0.0,1.88449631998973,1.0,0.0,0.0,0.0,0.0,0.0,0.0
0.29,0.0,0.0,0.32777203462250964,0.0,0.0,1.9243356951445925,1.0,0.0,0.0,0.0,0.0,0.0,0.0
0.3,0.0,0.0,0.34720719242534376,0.0,0.0,1.9626738916485258,1.0,0.0,0.0,0.0,0.0,0.0,0.0
0.31,0.0,0.0,0.36701832820529173,0.0,0.0,1.9995317303662838,1.0,0.0,0.0,0.0,0.0,0.0,0.0
0.32,0.0,0.0,0.3871907435786341,0.0,0.0,2.0349302857522225,1.0,0.0,0.0,0.0,0.0,0.0,0.0
0.33,0.0,0.0,0.4077099520429451,0.0,0.0,2.0688908566914903,1.0,0.0,0.0,0.0,0.0,0.0,0.0
0.34,0.0,0.0,0.42856168108056175,0.0,0.0,2.101434938428907,1.0,0.0,0.0,0.0,0.0,0.0,0.0
0.35000000000000003,0.0,0.0,0.4497318739867433,0.0,0.0,2.132584195579126,1.0,0.0,0.0,0.0,0.0,0.0,0.0
0.36,0.0,0.0,0.471206691433292,0.0,0.0,2.1623604362093207,1.0,0.0,0.0,0.0,0.0,0.0,0.0
0.37,0.0,0.0,0.4929725127783073,0.0,0.0,2.1907855869834485,1.0,0.0,0.0,0.0,0.0,0.0,0.0
0.38,0.0,0.0,0.5150159371326258,0.0,0.0,2.2178816693551684,1.0,0.0,0.0,0.0,0.0,0.0,0.0
0.39,0.0,0.0,0.5373237841933625,0.0,0.0,2.2436707767946853,1.0,0.0,0.0,0.0,0.0,0.0,0.0
0.4,0.0,0.0,0.5598830948548097,0.0,0.0,2.268175053033158,1.0,0.0,0.0,0.0,0.0,0.0,0.0
0.41000000000000003,0.0,0.0,0.5826811316067845,0.0,0.0,2.291416671306852,1.0,0.0,0.0,0.0,0.0,0.0,0.0
0.42,0.0,0.0,0.6057053787303244,0.0,0.0,2.313417814581902,1.0,0.0,0.0,0.0,0.0,0.0,0.0
0.43,0.0,0.0,0.6289435423004395,0.0,0.0,2.334200656739425,1.0,0.0,0.0,0.0,0.0,0.0,0.0
0.44,0.0,0.0,0.6523835500054173,0.0,0.0,2.3537873446996764,1.0,0.0,0.0,0.0,0.0,0.0,0.0
0.45,0.0,0.0,0.6760135507919621,0.0,0.0,2.372199981463121,1.0,0.0,0.0,0.0,0.0,0.0,0.0
0.46,0.0,0.0,0.6998219143452231,0.0,0.0,2.3894606100455156,1.0,0.0,0.0,0.0,0.0,0.0,0.0
0.47000000000000003,0.0,0.0,0.723797230412535,0.0,0.0,2.405591198283498,1.0,0.0,0.0,0.0,0.0,0.0,0.0
0.48,0.0,0.0,0.7479283079794572,0.0,0.0,2.4206136244866814,1.0,0.0,0.0,0.0,0.0,0.0,0.0
0.49,0.0,0.0,0.7722041743064544,0.0,0.0,2.434549663911844,1.0,0.0,0.0,0.0,0.0,0.0,0.0
0.5,0.0,0.0,0.7966140738343158,0.0,0.0,2.447420976034524,1.0,0.0,0.0,0.0,0.0,0.0,0.0
0.51,0.0,0.0,0.8211474669661655,0.0,0.0,2.4592490925931267,1.0,0.0,0.0,0.0,0.0,0.0,0.0
0.52,0.0,0.0,0.8457940287336605,0.0,0.0,2.4700554063805304,1.0,0.0,0.0,0.0,0.0,0.0,0.0
0.53,0.0,0.0,0.8705436473547306,0.0,0.0,2.479861160758158,1.0,0.0,0.0,0.0,0.0,0.0,0.0
0.54,0.0,0.0,0.895386422689956,0.0,0.0,2.488687439867513,1.0,0.0,0.0,0.0,0.0,0.0,0.0
0.55,0.0,0.0,0.920312664604437,0.0,0.0,2.496555159514291,1.0,0.0,0.0,0.0,0.0,0.0,0.0
0.56,0.0,0.0,0.9453128912417531,0.0,0.0,2.5034850587003454,1.0,0.0,0.0,0.0,0.0,0.0,0.0
0.5700000000000001,0.0,0.0,0.9703778272163734,0.0,0.0,2.5094976917790257,1.0,0.0,0.0,0.0,0.0,0.0,0.0
0.58,0.0,0.0,0.9954984017306258,0.0,0.0,2.514613421209667,1.0,0.0,0.0,0.0,0.0,0.0,0.0
0.59,0.0,0.0,1.0206657466220999,0.0,0.0,2.518852410887347,1.0,0.0,0.0,0.0,0.0,0.0,0.0
0.6,0.0,0.0,1.0458711943471186,0.0,0.0,2.5222346200243937,1.0,0.0,0.0,0.0,0.0,0.0,0.0
0.61,0.0,0.0,1.0711062759056786,0.0,0.0,2.5247797975605137,1.0,0.0,0.0,0.0,0.0,0.0,0.0
0.62,0.0,0.0,1.0963627187130336,0.0,0.0,2.52650747707887,1.0,0.0,0.0,0.0,0.0,0.0,0.0
0.63,0.0,0.0,1.1216324444228682,0.0,0.0,2.527436972205873,1.0,0.0,0.0,0.0,0.0,0.0,0.0
0.64,0.0,0.0,1.1469075667067916,0.0,0.0,2.527587372472962,1.0,0.0,0.0,0.0,0.0,0.0,0.0
0.65,0.0,0.0,1.1721803889946627,0.0,0.0,2.5269775396191414,1.0,0.0,0.0,0.0,0.0,0.0,0.0
0.66,0.0,0.0,1.1974434021800522,0.0,0.0,2.5256261043135746,1.0,0.0,0.0,0.0,0.0,0.0,0.0
0.67,0.0,0.0,1.2226892822949407,0.0,0.0,2.523551463278071,1.0,0.0,0.0,0.0,0.0,0.0,0.0
0.68,0.0,0.0,1.2479108881575536,0.0,0.0,2.5207717767898554,1.0,0.0,0.0,0.0,0.0,0.0,0.0
0.6900000000000001,0.0,0.0,1.2731012589970394,0.0,0.0,2.5173049665455722,1.0,0.0,0.0,0.0,0.0,0.0,0.0
0.7000000000000001,0.0,0.0,1.298253612058512,0.0,0.0,2.5131687138680334,1.0,0.0,0.0,0.0,0.0,0.0,0.0
0.71,0.0,0.0,1.3233613401917939,0.0,0.0,2.508380458237801,1.0,0.0,0.0,0.0,0.0,0.0,0.0
0.72,0.0,0.0,1.3484180094270228,0.0,0.0,2.5029573961322615,1.0,0.0,0.0,0.0,0.0,0.0,0.0
0.73,0.0,0.0,1.3734173565401107,0.0,0.0,2.496916480155421,1.0,0.0,0.0,0.0,0.0,0.0,0.0
0.74,0.0,0.0,1.398353286610882,0.0,0.0,2.490274418442222,1.0,0.0,0.0,0.0,0.0,0.0,0.0
0.75,0.0,0.0,1.4232198705765597,0.0,0.0,2.483047674321754,1.0,0.0,0.0,0.0,0.0,0.0,0.0
0.76,0.0,0.0,1.4480113427831087,0.0,0.0,2.4752524662242847,1.0,0.0,0.0,0.0,0.0,0.0,0.0
0.77,0.0,0.0,1.472722098536805,0.0,0.0,2.4669047678176046,1.0,0.0,0.0,0.0,0.0,0.0,0.0
0.78,0.0,0.0,1.4973466916582534,0.0,0.0,2.4580203083587193,1.0,0.0,0.0,0.0,0.0,0.0,0.0
0.79,0.0,0.0,1.5218798320409377,0.0,0.0,2.4486145732474722,1.0,0.0,0.0,0.0,0.0,0.0,0.0
0.8,0.0,0.0,1.5463163832162605,0.0,0.0,2.438702804769209,1.0,0.0,0.0,0.0,0.0,0.0,0.0
0.81,0.0,0.0,1.5706513599268996,0.0,0.0,2.4283000030141206,1.0,0.0,0.0,0.0,0.0,0.0,0.0
0.8200000000000001,0.0,0.0,1.5948799257101889,0.0,0.0,2.417420926961408,1.0,0.0,0.0,0.0,0.0,0.0,0.0
0.8300000000000001,0.0,0.0,1.6189973904931134,0.0,0.0,2.4060800957169253,1.0,0.0,0.0,0.0,0.0,0.0,0.0
0.84,0.0,0.0,1.642999208200402,0.0,0.0,2.394291789893433,1.0,0.0,0.0,0.0,0.0,0.0,0.0
0.85,0.0,0.0,1.666880974377087,0.0,0.0,2.382070053123082,1.0,0.0,0.0,0.0,0.0,0.0,0.0
0.86,0.0,0.0,1.6906384238268082,0.0,0.0,2.369428693692211,1.0,0.0,0.0,0.0,0.0,0.0,0.0
0.87,0.0,0.0,1.714267428267033,0.0,0.0,2.3563812862889866,1.0,0.0,0.0,0.0,0.0,0.0,0.0
0.88,0.0,0.0,1.7377639940022773,0.0,0.0,2.3429411738548707,1.0,0.0,0.0,0.0,0.0,0.0,0.0
0.89,0.0,0.0,1.7611242596163228,0.0,0.0,2.3291214695313074,1.0,0.0,0.0,0.0,0.0,0.0,0.0
0.9,0.0,0.0,1.78434449368434,0.0,0.0,2.3149350586934556,1.0,0.0,0.0,0.0,0.0,0.0,0.0
0.91,0.0,0.0,1.8074210925057501,0.0,0.0,2.3003946010631755,1.0,0.0,0.0,0.0,0.0,0.0,0.0
0.92,0.0,0.0,1.8303505778585798,0.0,0.0,2.285512532893883,1.0,0.0,0.0,0.0,0.0,0.0,0.0
0.93,0.0,0.0,1.8531295947759927,0.0,0.0,2.2703010692202485,1.0,0.0,0.0,0.0,0.0,0.0,0.0
0.9400000000000001,0.0,0.0,1.8757549093456134,0.0,0.0,2.254772206166084,1.0,0.0,0.0,0.0,0.0,0.0,0.0
0.9500000000000001,0.0,0.0,1.8982234065321923,0.0,0.0,2.238937723304112,1.0,0.0,0.0,0.0,0.0,0.0,0.0
0.96,0.0,0.0,1.9205320880241024,0.0,0.0,2.222809186061644,1.0,0.0,0.0,0.0,0.0,0.0,0.0
0.97,0.0,0.0,1.9426780701040958,0.0,0.0,2.2063979481665266,1.0,0.0,0.0,0.0,0.0,0.0,0.0
0.98,0.0,0.0,1.964658581544699,0.0,0.0,2.189715154128014,1.0,0.0,0.0,0.0,0.0,0.0,0.0
0.99,0.0,0.0,1.9864709615285687,0.0,0.0,2.1727717417475407,1.0,0.0,0.0,0.0,0.0,0.0,0.0
1.0,0.0,0.0,2.008112657594083,0.0,0.0,2.155578444654643,1.0,0.0,0.0,0.0,0.0,0.0,0.0
1.01,0.0,0.0,2.029581223606399,0.0,0.0,2.138145794863562,1.0,0.0,0.0,0.0,0.0,0.0,0.0
1.02,0.0,0.0,2.050874317754161,0.0,0.0,2.120484125346324,1.0,0.0,0.0,0.0,0.0,0.0,0.0
1.03,0.0,0.0,2.0719897005720047,0.0,0.0,2.10260357261835,1.0,0.0,0.0,0.0,0.0,0.0,0.0
1.04,0.0,0.0,2.092925232988962,0.0,0.0,2.084514079332886,1.0,0.0,0.0,0.0,0.0,0.0,0.0
1.05,0.0,0.0,2.113678874402842,0.0,0.0,2.0662253968807813,1.0,0.0,0.0,0.0,0.0,0.0,0.0
1.06,0.0,0.0,2.1342486807806185,0.0,0.0,2.047747087992366,1.0,0.0,0.0,0.0,0.0,0.0,0.0
1.07,0.0,0.0,2.1546328027848376,0.0,0.0,2.02908852933839,1.0,0.0,0.0,0.0,0.0,0.0,0.0
1.08,0.0,0.0,2.174829483926013,0.0,0.0,2.0102589141271854,1.0,0.0,0.0,0.0,0.0,0.0,0.0
1.09,0.0,0.0,2.1948370587409656,0.0,0.0,1.991267254695422,1.0,0.0,0.0,0.0,0.0,0.0,0.0
1.1,0.0,0.0,2.214653950997027,0.0,0.0,1.9721223850899878,1.0,0.0,0.0,0.0,0.0,0.0,0.0
1.11,0.0,0.0,2.234278671922007,0.0,0.0,1.9528329636387263,1.0,0.0,0.0,0.0,0.0,0.0,0.0
1.12,0.0,0.0,2.2537098184598032,0.0,0.0,1.9334074755079138,1.0,0.0,0.0,0.0,0.0,0.0,0.0
1.1300000000000001,0.0,0.0,2.272946071551511,0.0,0.0,1.913854235244529,1.0,0.0,0.0,0.0,0.0,0.0,0.0
1.1400000000000001,0.0,0.0,2.291986194441873,0.0,0.0,1.8941813893015118,1.0,0.0,0.0,0.0,0.0,0.0,0.0
1.1500000000000001,0.0,0.0,2.3108290310108863,0.0,0.0,1.8743969185443607,1.0,0.0,0.0,0.0,0.0,0.0,0.0
1.16,0.0,0.0,2.32947350413038,0.0,0.0,1.8545086407375457,1.0,0.0,0.0,0.0,0.0,0.0,0.0
1.17,0.0,0.0,2.3479186140453434,0.0,0.0,1.8345242130093533,1.0,0.0,0.0,0.0,0.0,0.0,0.0
1.18,0.0,0.0,2.3661634367797975,0.0,0.0,1.8144511342938963,1.0,0.0,0.0,0.0,0.0,0.0,0.0
1.19,0.0,0.0,2.3842071225669588,0.0,0.0,1.7942967477491412,1.0,0.0,0.0,0.0,0.0,0.0,0.0
1.2,0.0,0.0,2.4020488943034657,0.0,0.0,1.774068243149916,1.0,0.0,0.0,0.0,0.0,0.0,0.0
1.21,0.0,0.0,2.4196880460274013,0.0,0.0,1.753772659254966,1.0,0.0,0.0,0.0,0.0,0.0,0.0
1.22,0.0,0.0,2.4371239414198564,0.0,0.0,1.7334168861472226,1.0,0.0,0.0,0.0,0.0,0.0,0.0
1.23,0.0,0.0,2.454356012329756,0.0,0.0,1.7130076675465467,1.0,0.0,0.0,0.0,0.0,0.0,0.0
1.24,0.0,0.0,2.4713837573216737,0.0,0.0,1.6925516030942935,1.0,0.0,0.0,0.0,0.0,0.0,0.0
1.25,0.0,0.0,2.4882067402463477,0.0,0.0,1.67205515060913,1.0,0.0,0.0,0.0,0.0,0.0,0.0
1.26,0.0,0.0,2.5048245888336096,0.0,0.0,1.6515246283136134,1.0,0.0,0.0,0.0,0.0,0.0,0.0
1.27,0.0,0.0,2.5212369933074315,0.0,0.0,1.6309662170311172,1.0,0.0,0.0,0.0,0.0,0.0,0.0
1.28,0.0,0.0,2.537443705022791,0.0,0.0,1.6103859623527526,1.0,0.0,0.0,0.0,0.0,0.0,0.0
1.29,0.0,0.0,2.5534445351240556,0.0,0.0,1.5897897767740066,1.0,0.0,0.0,0.0,0.0,0.0,0.0
1.3,0.0,0.0,2.56923935322458,0.0,0.0,1.569183441800875,1.0,0.0,0.0,0.0,0.0,0.0,0.0
1.31,0.0,0.0,2.5848280861072124,0.0,0.0,1.5485726100253252,1.0,0.0,0.0,0.0,0.0,0.0,0.0
1.32,0.0,0.0,2.600210716445402,0.0,0.0,1.5279628071699796,1.0,0.0,0.0,0.0,0.0,0.0,0.0
1.33,0.0,0.0,2.6153872815445958,0.0,0.0,1.5073594341019607,1.0,0.0,0.0,0.0,0.0,0.0,0.0
1.34,0.0,0.0,2.630357872103626,0.0,0.0,1.4867677688158836,1.0,0.0,0.0,0.0,0.0,0.0,0.0
1.35,0.0,0.0,2.645122630995765,0.0,0.0,1.466192968386028,1.0,0.0,0.0,0.0,0.0,0.0,0.0
1.36,0.0,0.0,2.6596817520691576,0.0,0.0,1.4456400708877601,1.0,0.0,0.0,0.0,0.0,0.0,0.0
1.37,0.0,0.0,2.6740354789663043,0.0,0.0,1.4251139972883164,1.0,0.0,0.0,0.0,0.0,0.0,0.0
1.3800000000000001,0.0,0.0,2.6881841039623087,0.0,0.0,1.4046195533070918,1.0,0.0,0.0,0.0,0.0,0.0,0.0
1.3900000000000001,0.0,0.0,2.7021279668215694,0.0,0.0,1.3841614312456116,1.0,0.0,0.0,0.0,0.0,0.0,0.0
1.4000000000000001,0.0,0.0,2.715867453672626,0.0,0.0,1.363744211787395,1.0,0.0,0.0,0.0,0.0,0.0,0.0
1.41,0.0,0.0,2.72940299590085,0.0,0.0,1.3433723657679444,1.0,0.0,0.0,0.0,0.0,0.0,0.0
1.42,0.0,0.0,2.7427350690586914,0.0,0.0,1.3230502559151254,1.0,0.0,0.0,0.0,0.0,0.0,0.0
1.43,0.0,0.0,2.755864191793177,0.0,0.0,1.3027821385602192,1.0,0.0,0.0,0.0,0.0,0.0,0.0
1.44,0.0,0.0,2.7687909247903812,0.0,0.0,1.2825721653199564,1.0,0.0,0.0,0.0,0.0,0.0,0.0
1.45,0.0,0.0,2.781515869736566,0.0,0.0,1.2624243847498595,1.0,0.0,0.0,0.0,0.0,0.0,0.0
1.46,0.0,0.0,2.794039668295717,0.0,0.0,1.2423427439692372,1.0,0.0,0.0,0.0,0.0,0.0,0.0
1.47,0.0,0.0,2.8063630011031884,0.0,0.0,1.2223310902581925,1.0,0.0,0.0,0.0,0.0,0.0,0.0
1.48,0.0,0.0,2.8184865867751783,0.0,0.0,1.2023931726270227,1.0,0.0,0.0,0.0,0.0,0.0,0.0
1.49,0.0,0.0,2.830411180933764,0.0,0.0,1.1825326433583958,1.0,0.0,0.0,0.0,0.0,0.0,0.0
1.5,0.0,0.0,2.8421375752472233,0.0,0.0,1.1627530595227105,1.0,0.0,0.0,0.0,0.0,0.0,0.0
1.51,0.0,0.0,2.8536665964853754,0.0,0.0,1.1430578844670465,1.0,0.0,0.0,0.0,0.0,0.0,0.0
1.52,0.0,0.0,2.864999105589684,0.0,0.0,1.1234504892781298,1.0,0.0,0.0,0.0,0.0,0.0,0.0
1.53,0.0,0.0,2.8761359967578626,0.0,0.0,1.1039341542197398,1.0,0.0,0.0,0.0,0.0,0.0,0.0
1.54,0.0,0.0,2.8870781965427224,0.0,0.0,1.0845120701449957,1.0,0.0,0.0,0.0,0.0,0.0,0.0
1.55,0.0,0.0,2.8978266629650262,0.0,0.0,1.0651873398839646,1.0,0.0,0.0,0.0,0.0,0.0,0.0
1.56,0.0,0.0,2.9083823846400927,0.0,0.0,1.0459629796070375,1.0,0.0,0.0,0.0,0.0,0.0,0.0
1.57,0.0,0.0,2.9187463799179163,0.0,0.0,1.0268419201645245,1.0,0.0,0.0,0.0,0.0,0.0,0.0
1.58,0.0,0.0,2.9289196960365667,0.0,0.0,1.007827008402924,1.0,0.0,0.0,0.0,0.0,0.0,0.0
1.59,0.0,0.0,2.9389034082886356,0.0,0.0,0.9889210084583224,1.0,0.0,0.0,0.0,0.0,0.0,0.0
1.6,0.0,0.0,2.9486986192005054,0.0,0.0,0.9701266030273822,1.0,0.0,0.0,0.0,0.0,0.0,0.0
1.61,0.0,0.0,2.958306457724217,0.0,0.0,0.951446394616377,1.0,0.0,0.0,0.0,0.0,0.0,0.0
1.62,0.0,0.0,2.967728078441722,0.0,0.0,0.9328829067687343,1.0,0.0,0.0,0.0,0.0,0.0,0.0
1.6300000000000001,0.0,0.0,2.9769646607813027,0.0,0.0,0.9144385852715423,1.0,0.0,0.0,0.0,0.0,0.0,0.0
1.6400000000000001,0.0,0.0,2.9860174082459543,0.0,0.0,0.8961157993414804,1.0,0.0,0.0,0.0,0.0,0.0,0.0
1.6500000000000001,0.0,0.0,2.9948875476535273,0.0,0.0,0.877916842790628,1.0,0.0,0.0,0.0,0.0,0.0,0.0
1.6600000000000001,0.0,0.0,3.003576328388427,0.0,0.0,0.8598439351726054,1.0,0.0,0.0,0.0,0.0,0.0,0.0
1.67,0.0,0.0,3.0120850216646793,0.0,0.0,0.8418992229094993,1.0,0.0,0.0,0.0,0.0,0.0,0.0
1.68,0.0,0.0,3.0204149198001713,0.0,0.0,0.8240847804000188,1.0,0.0,0.0,0.0,0.0,0.0,0.0
1.69,0.0,0.0,3.028567335501882,0.0,0.0,0.8064026111093281,1.0,0.0,0.0,0.0,0.0,0.0,0.0
1.7,0.0,0.0,3.03654360116192,0.0,0.0,0.7888546486409959,1.0,0.0,0.0,0.0,0.0,0.0,0.0
1.71,0.0,0.0,3.0443450681641937,0.0,0.0,0.7714427577914971,1.0,0.0,0.0,0.0,0.0,0.0,0.0
1.72,0.0,0.0,3.0519731062015447,0.0,0.0,0.7541687355877005,1.0,0.0,0.0,0.0,0.0,0.0,0.0
1.73,0.0,0.0,3.0594291026031657,0.0,0.0,0.7370343123077668,1.0,0.0,0.0,0.0,0.0,0.0,0.0
1.74,0.0,0.0,3.0667144616721522,0.0,0.0,0.7200411524858809,1.0,0.0,0.0,0.0,0.0,0.0,0.0
1.75,0.0,0.0,3.073830604033021,0.0,0.0,0.7031908559012322,1.0,0.0,0.0,0.0,0.0,0.0,0.0
1.76,0.0,0.0,3.0807789659890394,0.0,0.0,0.6864849585516568,1.0,0.0,0.0,0.0,0.0,0.0,0.0
1.77,0.0,0.0,3.087560998889218,0.0,0.0,0.6699249336123422,1.0,0.0,0.0,0.0,0.0,0.0,0.0
1.78,0.0,0.0,3.094178168504817,0.0,0.0,0.6535121923799955,1.0,0.0,0.0,0.0,0.0,0.0,0.0
1.79,0.0,0.0,3.100631954415223,0.0,0.0,0.6372480852028672,1.0,0.0,0.0,0.0,0.0,0.0,0.0
1.8,0.0,0.0,3.106923849403057,0.0,0.0,0.6211339023970149,1.0,0.0,0.0,0.0,0.0,0.0,0.0
1.81,0.0,0.0,3.1130553588583765,0.0,0.0,0.6051708751491867,1.0,0.0,0.0,0.0,0.0,0.0,0.0
1.82,0.0,0.0,3.119028000191844,0.0,0.0,0.5893601764066965,1.0,0.0,0.0,0.0,0.0,0.0,0.0
1.83,0.0,0.0,3.124843302256729,0.0,0.0,0.5737029217546572,1.0,0.0,0.0,0.0,0.0,0.0,0.0
1.84,0.0,0.0,3.130502804779618,0.0,0.0,0.5582001702809286,1.0,0.0,0.0,0.0,0.0,0.0,0.0
1.85,0.0,0.0,3.136008057799721,0.0,0.0,0.5428529254291331,1.0,0.0,0.0,0.0,0.0,0.0,0.0
1.86,0.0,0.0,3.1413606211166414,0.0,0.0,0.5276621358400816,1.0,0.0,0.0,0.0,0.0,0.0,0.0
1.87,0.0,0.0,3.1465620637465106,0.0,0.0,0.512628696181948,1.0,0.0,0.0,0.0,0.0,0.0,0.0
1.8800000000000001,0.0,0.0,3.1516139633863656,0.0,0.0,0.49775344796952115,1.0,0.0,0.0,0.0,0.0,0.0,0.0
1.8900000000000001,0.0,0.0,3.156517905886666,0.0,0.0,0.4830371803728562,1.0,0.0,0.0,0.0,0.0,0.0,0.0
1.9000000000000001,0.0,0.0,3.1612754847318483,0.0,0.0,0.46848063101564064,1.0,0.0,0.0,0.0,0.0,0.0,0.0
1.9100000000000001,0.0,0.0,3.1658883005288105,0.0,0.0,0.4540844867635823,1.0,0.0,0.0,0.0,0.0,0.0,0.0
1.92,0.0,0.0,3.1703579605032344,0.0,0.0,0.4398493845031194,1.0,0.0,0.0,0.0,0.0,0.0,0.0
1.93,0.0,0.0,3.1746860780036465,0.0,0.0,0.42577591191074443,1.0,0.0,0.0,0.0,0.0,0.0,0.0
1.94,0.0,0.0,3.1788742720131267,0.0,0.0,0.41186460821322796,1.0,0.0,0.0,0.0,0.0,0.0,0.0
1.95,0.0,0.0,3.182924166668575,0.0,0.0,0.3981159649390189,1.0,0.0,0.0,0.0,0.0,0.0,0.0
1.96,0.0,0.0,3.186837390787448,0.0,0.0,0.3845304266610918,1.0,0.0,0.0,0.0,0.0,0.0,0.0
1.97,0.0,0.0,3.190615577401885,0.0,0.0,0.3711083917315035,1.0,0.0,0.0,0.0,0.0,0.0,0.0
1.98,0.0,0.0,3.194260363300137,0.0,0.0,0.3578502130079151,1.0,0.0,0.0,0.0,0.0,0.0,0.0
1.99,0.0,0.0,3.1977733885752193,0.0,0.0,0.3447561985723252,1.0,0.0,0.0,0.0,0.0,0.0,0.0
2.0,0.0,0.0,3.2011562961807205,0.0,0.0,0.33182661244225703,1.0,0.0,0.0,0.0,0.0,0.0,0.0
2.0100000000000002,0.0,0.0,3.2044107314936796,0.0,0.0,0.31906167527463064,1.0,0.0,0.0,0.0,0.0,0.0,0.0
2.02,0.0,0.0,3.2075383418844696,0.0,0.0,0.306461565062547,1.0,0.0,0.0,0.0,0.0,0.0,0.0
2.0300000000000002,0.0,0.0,3.210540776293614,0.0,0.0,0.29402641782520206,1.0,0.0,0.0,0.0,0.0,0.0,0.0
2.04,0.0,0.0,3.2134196848154675,0.0,0.0,0.2817563282911418,1.0,0.0,0.0,0.0,0.0,0.0,0.0
2.05,0.0,0.0,3.216176718288699,0.0,0.0,0.26965135057506284,1.0,0.0,0.0,0.0,0.0,0.0,0.0
2.06,0.0,0.0,3.2188135278935097,0.0,0.0,0.25771149884835537,1.0,0.0,0.0,0.0,0.0,0.0,0.0
2.07,0.0,0.0,3.2213317647555253,0.0,0.0,0.2459367480035783,1.0,0.0,0.0,0.0,0.0,0.0,0.0
2.08,0.0,0.0,3.2237330795563053,0.0,0.0,0.23432703431304966,1.0,0.0,0.0,0.0,0.0,0.0,0.0
2.09,0.0,0.0,3.2260191221504075,0.0,0.0,0.22288225608172862,1.0,0.0,0.0,0.0,0.0,0.0,0.0
2.1,0.0,0.0,3.2281915411889552,0.0,0.0,0.2116022742945579,1.0,0.0,0.0,0.0,0.0,0.0,0.0
2.11,0.0,0.0,3.2302519837496497,0.0,0.0,0.20048691325842963,1.0,0.0,0.0,0.0,0.0,0.0,0.0
2.12,0.0,0.0,3.232202094973175,0.0,0.0,0.18953596123892988,1.0,0.0,0.0,0.0,0.0,0.0,0.0
2.13,0.0,0.0,3.2340435177059486,0.0,0.0,0.17874917109201188,1.0,0.0,0.0,0.0,0.0,0.0,0.0
2.14,0.0,0.0,3.235777892149158,0.0,0.0,0.16812626089073993,1.0,0.0,0.0,0.0,0.0,0.0,0.0
2.15,0.0,0.0,3.2374068555140454,0.0,0.0,0.1576669145472407,1.0,0.0,0.0,0.0,0.0,0.0,0.0
2.16,0.0,0.0,3.238932041683388,0.0,0.0,0.1473707824299919,1.0,0.0,0.0,0.0,0.0,0.0,0.0
2.17,0.0,0.0,3.2403550808791244,0.0,0.0,0.137237481976572,1.0,0.0,0.0,0.0,0.0,0.0,0.0
2.18,0.0,0.0,3.241677599336091,0.0,0.0,0.1272665983019884,1.0,0.0,0.0,0.0,0.0,0.0,0.0
2.19,0.0,0.0,3.242901218981818,0.0,0.0,0.11745768480269583,1.0,0.0,0.0,0.0,0.0,0.0,0.0
2.2,0.0,0.0,3.244027557122342,0.0,0.0,0.10781026375641063,1.0,0.0,0.0,0.0,0.0,0.0,0.0
2.21,0.0,0.0,3.245058226134002,0.0,0.0,0.09832382691782014,1.0,0.0,0.0,0.0,0.0,0.0,0.0
2.22,0.0,0.0,3.2459948331611646,0.0,0.0,0.08899783611028161,1.0,0.0,0.0,0.0,0.0,0.0,0.0
2.23,0.0,0.0,3.2468389798198536,0.0,0.0,0.07983172381359879,1.0,0.0,0.0,0.0,0.0,0.0,0.0
2.24,0.0,0.0,3.2475922619072337,0.0,0.0,0.07082489374795886,1.0,0.0,0.0,0.0,0.0,0.0,0.0
2.25,0.0,0.0,3.248256269116916,0.0,0.0,0.061976721454106966,1.0,0.0,0.0,0.0,0.0,0.0,0.0
2.2600000000000002,0.0,0.0,3.248832584760046,0.0,0.0,0.05328655486983045,1.0,0.0,0.0,0.0,0.0,0.0,0.0
2.27,0.0,0.0,3.2493227854921387,0.0,0.0,0.04475371490281941,1.0,0.0,0.0,0.0,0.0,0.0,0.0
2.2800000000000002,0.0,0.0,3.249728441045625,0.0,0.0,0.03637749599996513,1.0,0.0,0.0,0.0,0.0,0.0,0.0
2.29,0.0,0.0,3.250051113968073,0.0,0.0,0.028157166713153013,1.0,0.0,0.0,0.0,0.0,0.0,0.0
2.3000000000000003,0.0,0.0,3.250292359366047,0.0,0.0,0.020091970261601658,1.0,0.0,0.0,0.0,0.0,0.0,0.0
2.31,0.0,0.0,3.250453724654579,0.0,0.0,0.01218112509079498,1.0,0.0,0.0,0.0,0.0,0.0,0.0
2.32,0.0,0.0,3.250536749312206,0.0,0.0,0.004423825428049595,1.0,0.0,0.0,0.0,0.0,0.0,0.0
2.33,0.0,0.0,3.2505429646415505,0.0,0.0,-0.0031807551816090563,1.0,0.0,0.0,0.0,0.0,0.0,0.0
2.34,0.0,0.0,3.250473893876168,0.0,0.0,-0.010633382714239427,1.0,0.0,0.0,0.0,0.0,0.0,0.0
2.35,0.0,0.0,3.2503310530716547,0.0,0.0,-0.01793474743160417,1.0,0.0,0.0,0.0,0.0,0.0,0.0
2.36,0.0,0.0,3.2501159512529156,0.0,0.0,-0.025085570954859946,1.0,0.0,0.0,0.0,0.0,0.0,0.0
2.37,0.0,0.0,3.2498300900455663,0.0,0.0,-0.03208661149447295,1.0,0.0,0.0,0.0,0.0,0.0,0.0
2.38,0.0,0.0,3.249474963315603,0.0,0.0,-0.03893866273704616,1.0,0.0,0.0,0.0,0.0,0.0,0.0
2.39,0.0,0.0,3.249052056820152,0.0,0.0,-0.04564255274348328,1.0,0.0,0.0,0.0,0.0,0.0,0.0
2.4,0.0,0.0,3.248562847869177,0.0,0.0,-0.05219914285880376,1.0,0.0,0.0,0.0,0.0,0.0,0.0
2.41,0.0,0.0,3.248008804998029,0.0,0.0,-0.05860932663390439,1.0,0.0,0.0,0.0,0.0,0.0,0.0
2.42,0.0,0.0,3.2473913876507208,0.0,0.0,-0.06487402875954494,1.0,0.0,0.0,0.0,0.0,0.0,0.0
2.43,0.0,0.0,3.2467120458737924,0.0,0.0,-0.07099420401281759,1.0,0.0,0.0,0.0,0.0,0.0,0.0
2.44,0.0,0.0,3.2459722200206556,0.0,0.0,-0.07697083621634224,1.0,0.0,0.0,0.0,0.0,0.0,0.0
2.45,0.0,0.0,3.245173340466278,0.0,0.0,-0.08280493721041285,1.0,0.0,0.0,0.0,0.0,0.0,0.0
2.46,0.0,0.0,3.244316827332081,0.0,0.0,-0.08849754583830345,1.0,0.0,0.0,0.0,0.0,0.0,0.0
2.47,0.0,0.0,3.243404090220917,0.0,0.0,-0.09404972694492574,1.0,0.0,0.0,0.0,0.0,0.0,0.0
2.48,0.0,0.0,3.2424365279619938,0.0,0.0,-0.09946257038901483,1.0,0.0,0.0,0.0,0.0,0.0,0.0
2.49,0.0,0.0,3.241415528365609,0.0,0.0,-0.10473719006900399,1.0,0.0,0.0,0.0,0.0,0.0,0.0
2.5,0.0,0.0,3.2403424679875554,0.0,0.0,-0.1098747229627339,1.0,0.0,0.0,0.0,0.0,0.0,0.0
2.5100000000000002,0.0,0.0,3.2392187119030607,0.0,0.0,-0.11487632818112803,1.0,0.0,0.0,0.0,0.0,0.0,0.0
2.52,0.0,0.0,3.2380456134901174,0.0,0.0,-0.11974318603595055,1.0,0.0,0.0,0.0,0.0,0.0,0.0
2.5300000000000002,0.0,0.0,3.23682451422207,0.0,0.0,-0.12447649712175018,1.0,0.0,0.0,0.0,0.0,0.0,0.0
2.54,0.0,0.0,3.2355567434693047,0.0,0.0,-0.12907748141207945,1.0,0.0,0.0,0.0,0.0,0.0,0.0
2.5500000000000003,0.0,0.0,3.2342436183099097,0.0,0.0,-0.13354737737006603,1.0,0.0,0.0,0.0,0.0,0.0,0.0
2.56,0.0,0.0,3.232886443349157,0.0,0.0,-0.13788744107340029,1.0,0.0,0.0,0.0,0.0,0.0,0.0
2.57,0.0,0.0,3.2314865105476605,0.0,0.0,-0.1420989453537908,1.0,0.0,0.0,0.0,0.0,0.0,0.0
2.58,0.0,0.0,3.230045099058068,0.0,0.0,-0.14618317895092792,1.0,0.0,0.0,0.0,0.0,0.0,0.0
2.59,0.0,0.0,3.2285634750701426,0.0,0.0,-0.150141445680984,1.0,0.0,0.0,0.0,0.0,0.0,0.0
2.6,0.0,0.0,3.2270428916640825,0.0,0.0,-0.15397506361966837,1.0,0.0,0.0,0.0,0.0,0.0,0.0
2.61,0.0,0.0,3.225484588671941,0.0,0.0,-0.1576853642998437,1.0,0.0,0.0,0.0,0.0,0.0,0.0
2.62,0.0,0.0,3.2238897925469976,0.0,0.0,-0.16127369192370106,1.0,0.0,0.0,0.0,0.0,0.0,0.0
2.63,0.0,0.0,3.2222597162409303,0.0,0.0,-0.16474140258948072,1.0,0.0,0.0,0.0,0.0,0.0,0.0
2.64,0.0,0.0,3.2205955590886535,0.0,0.0,-0.16808986353271654,1.0,0.0,0.0,0.0,0.0,0.0,0.0
2.65,0.0,0.0,3.2188985067006683,0.0,0.0,-0.17132045238197247,1.0,0.0,0.0,0.0,0.0,0.0,0.0
2.66,0.0,0.0,3.2171697308627834,0.0,0.0,-0.17443455642903144,1.0,0.0,0.0,0.0,0.0,0.0,0.0
2.67,0.0,0.0,3.215410389443062,0.0,0.0,-0.17743357191348832,1.0,0.0,0.0,0.0,0.0,0.0,0.0
2.68,0.0,0.0,3.213621626305852,0.0,0.0,-0.18031890332169087,1.0,0.0,0.0,0.0,0.0,0.0,0.0
2.69,0.0,0.0,3.211804571232754,0.0,0.0,-0.18309196269996478,1.0,0.0,0.0,0.0,0.0,0.0,0.0
2.7,0.0,0.0,3.209960339850387,0.0,0.0,-0.18575416898205213,1.0,0.0,0.0,0.0,0.0,0.0,0.0
2.71,0.0,0.0,3.208090033564809,0.0,0.0,-0.18830694733068518,1.0,0.0,0.0,0.0,0.0,0.0,0.0
2.72,0.0,0.0,3.2061947395024513,0.0,0.0,-0.19075172849321115,1.0,0.0,0.0,0.0,0.0,0.0,0.0
2.73,0.0,0.0,3.204275530457426,0.0,0.0,-0.19308994817117772,1.0,0.0,0.0,0.0,0.0,0.0,0.0
2.74,0.0,0.0,3.2023334648450708,0.0,0.0,-0.19532304640378223,1.0,0.0,0.0,0.0,0.0,0.0,0.0
2.75,0.0,0.0,3.2003695866615867,0.0,0.0,-0.19745246696508306,1.0,0.0,0.0,0.0,0.0,0.0,0.0
2.7600000000000002,0.0,0.0,3.1983849254496386,0.0,0.0,-0.19947965677486523,1.0,0.0,0.0,0.0,0.0,0.0,0.0
2.77,0.0,0.0,3.1963804962697786,0.0,0.0,-0.20140606532304858,1.0,0.0,0.0,0.0,0.0,0.0,0.0
2.7800000000000002,0.0,0.0,3.1943572996775575,0.0,0.0,-0.203233144107521,1.0,0.0,0.0,0.0,0.0,0.0,0.0
2.79,0.0,0.0,3.1923163217061905,0.0,0.0,-0.2049623460852755,1.0,0.0,0.0,0.0,0.0,0.0,0.0
2.8000000000000003,0.0,0.0,3.190258533854649,0.0,0.0,-0.20659512513672554,1.0,0.0,0.0,0.0,0.0,0.0,0.0
2.81,0.0,0.0,3.18818489308104,0.0,0.0,-0.20813293554306936,1.0,0.0,0.0,0.0,0.0,0.0,0.0
2.82,0.0,0.0,3.1860963418011496,0.0,0.0,-0.20957723147657,1.0,0.0,0.0,0.0,0.0,0.0,0.0
2.83,0.0,0.0,3.18399380789202,0.0,0.0,-0.21092946650361521,1.0,0.0,0.0,0.0,0.0,0.0,0.0
2.84,0.0,0.0,3.181878204700431,0.0,0.0,-0.21219109310041712,1.0,0.0,0.0,0.0,0.0,0.0,0.0
2.85,0.0,0.0,3.179750431056163,0.0,0.0,-0.21336356218121014,1.0,0.0,0.0,0.0,0.0,0.0,0.0
2.86,0.0,0.0,3.1776113712899163,0.0,0.0,-0.21444832263880162,1.0,0.0,0.0,0.0,0.0,0.0,0.0
2.87,0.0,0.0,3.1754618952557636,0.0,0.0,-0.21544682089732817,1.0,0.0,0.0,0.0,0.0,0.0,0.0
2.88,0.0,0.0,3.1733028583580145,0.0,0.0,-0.2163605004770682,1.0,0.0,0.0,0.0,0.0,0.0,0.0
2.89,0.0,0.0,3.1711351015823728,0.0,0.0,-0.2171908015711591,1.0,0.0,0.0,0.0,0.0,0.0,0.0
2.9,0.0,0.0,3.168959451531267,0.0,0.0,-0.21793916063406585,1.0,0.0,0.0,0.0,0.0,0.0,0.0
2.91,0.0,0.0,3.16677672046324,0.0,0.0,-0.21860700998164612,1.0,0.0,0.0,0.0,0.0,0.0,0.0
2.92,0.0,0.0,3.1645877063362775,0.0,0.0,-0.21919577740265594,1.0,0.0,0.0,0.0,0.0,0.0,0.0
2.93,0.0,0.0,3.1623931928549673,0.0,0.0,-0.21970688578153805,1.0,0.0,0.0,0.0,0.0,0.0,0.0
2.94,0.0,0.0,3.1601939495213767,0.0,0.0,-0.22014175273233472,1.0,0.0,0.0,0.0,0.0,0.0,0.0
2.95,0.0,0.0,3.157990731689531,0.0,0.0,-0.22050179024356573,1.0,0.0,0.0,0.0,0.0,0.0,0.0
2.96,0.0,0.0,3.155784280623394,0.0,0.0,-0.22078840433391103,1.0,0.0,0.0,0.0,0.0,0.0,0.0
2.97,0.0,0.0,3.1535753235582358,0.0,0.0,-0.22100299471853807,1.0,0.0,0.0,0.0,0.0,0.0,0.0
2.98,0.0,0.0,3.151364573765285,0.0,0.0,-0.221146954485912,1.0,0.0,0.0,0.0,0.0,0.0,0.0
2.99,0.0,0.0,3.149152730619563,0.0,0.0,-0.22122166978492805,1.0,0.0,0.0,0.0,0.0,0.0,0.0
3.0,0.0,0.0,3.146940479670793,0.0,0.0,-0.22122851952220413,1.0,0.0,0.0,0.0,0.0,0.0,0.0
3.0100000000000002,0.0,0.0,3.1447284927172894,0.0,0.0,-0.22116887506937247,1.0,0.0,0.0,0.0,0.0,0.0,0.0
3.02,0.0,0.0,3.142517427882722,0.0,0.0,-0.2210440999802087,1.0,0.0,0.0,0.0,0.0,0.0,0.0
3.0300000000000002,0.0,0.0,3.140307929695663,0.0,0.0,-0.22085554971743737,1.0,0.0,0.0,0.0,0.0,0.0,0.0
3.04,0.0,0.0,3.138100629171818,0.0,0.0,-0.22060457138905284,1.0,0.0,0.0,0.0,0.0,0.0,0.0
3.0500000000000003,0.0,0.0,3.1358961438988433,0.0,0.0,-0.22029250349399562,1.0,0.0,0.0,0.0,0.0,0.0,0.0
3.06,0.0,0.0,3.133695078123667,0.0,0.0,-0.2199206756770237,1.0,0.0,0.0,0.0,0.0,0.0,0.0
3.0700000000000003,0.0,0.0,3.13149802284221,0.0,0.0,-0.2194904084926202,1.0,0.0,0.0,0.0,0.0,0.0,0.0
3.08,0.0,0.0,3.1293055558914267,0.0,0.0,-0.21900301317777848,1.0,0.0,0.0,0.0,0.0,0.0,0.0
3.09,0.0,0.0,3.1271182420435744,0.0,0.0,-0.2184597914335075,1.0,0.0,0.0,0.0,0.0,0.0,0.0
3.1,0.0,0.0,3.1249366331026223,0.0,0.0,-0.2178620352148999,1.0,0.0,0.0,0.0,0.0,0.0,0.0
3.11,0.0,0.0,3.122761268002721,0.0,0.0,-0.21721102652960808,1.0,0.0,0.0,0.0,0.0,0.0,0.0
3.12,0.0,0.0,3.1205926729086433,0.0,0.0,-0.2165080372445723,1.0,0.0,0.0,0.0,0.0,0.0,0.0
3.13,0.0,0.0,3.1184313613181183,0.0,0.0,-0.2157543289008482,1.0,0.0,0.0,0.0,0.0,0.0,0.0
3.14,0.0,0.0,3.1162778341659774,0.0,0.0,-0.21495115253638056,1.0,0.0,0.0,0.0,0.0,0.0,0.0
3.15,0.0,0.0,3.1141325799300335,0.0,0.0,-0.21409974851657235,1.0,0.0,0.0,0.0,0.0,0.0,0.0
3.16,0.0,0.0,3.1119960747386166,0.0,0.0,-0.21320134637249905,1.0,0.0,0.0,0.0,0.0,0.0,0.0
3.17,0.0,0.0,3.109868782479689,0.0,0.0,-0.2122571646466196,1.0,0.0,0.0,0.0,0.0,0.0,0.0
3.18,0.0,0.0,3.107751154911467,0.0,0.0,-0.2112684107458365,1.0,0.0,0.0,0.0,0.0,0.0,0.0
3.19,0.0,0.0,3.105643631774476,0.0,0.0,-0.21023628080175966,1.0,0.0,0.0,0.0,0.0,0.0,0.0
3.2,0.0,0.0,3.103546640904967,0.0,0.0,-0.20916195953802913,1.0,0.0,0.0,0.0,0.0,0.0,0.0
3.21,0.0,0.0,3.1014605983496266,0.0,0.0,-0.20804662014455416,1.0,0.0,0.0,0.0,0.0,0.0,0.0
3.22,0.0,0.0,3.0993859084815094,0.0,0.0,-0.20689142415852715,1.0,0.0,0.0,0.0,0.0,0.0,0.0
3.23,0.0,0.0,3.0973229641171285,0.0,0.0,-0.20569752135207262,1.0,0.0,0.0,0.0,0.0,0.0,0.0
3.24,0.0,0.0,3.0952721466346342,0.0,0.0,-0.20446604962639323,1.0,0.0,0.0,0.0,0.0,0.0,0.0
3.25,0.0,0.0,3.0932338260930226,0.0,0.0,-0.2031981349122759,1.0,0.0,0.0,0.0,0.0,0.0,0.0
3.2600000000000002,0.0,0.0,3.0912083613523067,0.0,0.0,-0.20189489107682349,1.0,0.0,0.0,0.0,0.0,0.0,0.0
3.27,0.0,0.0,3.0891961001945893,0.0,0.0,-0.2005574198362786,1.0,0.0,0.0,0.0,0.0,0.0,0.0
3.2800000000000002,0.0,0.0,3.0871973794459784,0.0,0.0,-0.19918681067480773,1.0,0.0,0.0,0.0,0.0,0.0,0.0
3.29,0.0,0.0,3.085212525099284,0.0,0.0,-0.1977841407691162,1.0,0.0,0.0,0.0,0.0,0.0,0.0
3.3000000000000003,0.0,0.0,3.0832418524374434,0.0,0.0,-0.19635047491876526,1.0,0.0,0.0,0.0,0.0,0.0,0.0
3.31,0.0,0.0,3.081285666157613,0.0,0.0,-0.19488686548206507,1.0,0.0,0.0,0.0,0.0,0.0,0.0
3.3200000000000003,0.0,0.0,3.0793442604958736,0.0,0.0,-0.19339435231741905,1.0,0.0,0.0,0.0,0.0,0.0,0.0
3.33,0.0,0.0,3.0774179193524973,0.0,0.0,-0.19187396272999574,1.0,0.0,0.0,0.0,0.0,0.0,0.0
3.34,0.0,0.0,3.0755069164177207,0.0,0.0,-0.19032671142360783,1.0,0.0,0.0,0.0,0.0,0.0,0.0
3.35,0.0,0.0,3.0736115152979737,0.0,0.0,-0.18875360045767794,1.0,0.0,0.0,0.0,0.0,0.0,0.0
3.36,0.0,0.0,3.0717319696425136,0.0,0.0,-0.18715561920917387,1.0,0.0,0.0,0.0,0.0,0.0,0.0
3.37,0.0,0.0,3.069868523270417,0.0,0.0,-0.1855337443393966,1.0,0.0,0.0,0.0,0.0,0.0,0.0
3.38,0.0,0.0,3.0680214102978773,0.0,0.0,-0.18388893976550735,1.0,0.0,0.0,0.0,0.0,0.0,0.0
3.39,0.0,0.0,3.066190855265768,0.0,0.0,-0.18222215663668043,1.0,0.0,0.0,0.0,0.0,0.0,0.0
3.4,0.0,0.0,3.0643770732674174,0.0,0.0,-0.1805343333147711,1.0,0.0,0.0,0.0,0.0,0.0,0.0
3.41,0.0,0.0,3.0625802700765568,0.0,0.0,-0.1788263953593893,1.0,0.0,0.0,0.0,0.0,0.0,0.0
3.42,0.0,0.0,3.060800642275397,0.0,0.0,-0.17709925551727168,1.0,0.0,0.0,0.0,0.0,0.0,0.0
3.43,0.0,0.0,3.0590383773827887,0.0,0.0,-0.17535381371584602,1.0,0.0,0.0,0.0,0.0,0.0,0.0
3.44,0.0,0.0,3.0572936539824282,0.0,0.0,-0.17359095706088373,1.0,0.0,0.0,0.0,0.0,0.0,0.0
3.45,0.0,0.0,3.0555666418510645,0.0,0.0,-0.17181155983813853,1.0,0.0,0.0,0.0,0.0,0.0,0.0
3.46,0.0,0.0,3.053857502086673,0.0,0.0,-0.17001648351886972,1.0,0.0,0.0,0.0,0.0,0.0,0.0
3.47,0.0,0.0,3.052166387236553,0.0,0.0,-0.1682065767691515,1.0,0.0,0.0,0.0,0.0,0.0,0.0
3.48,0.0,0.0,3.050493441425317,0.0,0.0,-0.16638267546287044,1.0,0.0,0.0,0.0,0.0,0.0,0.0
3.49,0.0,0.0,3.048838800482726,0.0,0.0,-0.16454560269831559,1.0,0.0,0.0,0.0,0.0,0.0,0.0
3.5,0.0,0.0,3.0472025920713466,0.0,0.0,-0.16269616881826646,1.0,0.0,0.0,0.0,0.0,0.0,0.0
3.5100000000000002,0.0,0.0,3.0455849358139906,0.0,0.0,-0.1608351714334865,1.0,0.0,0.0,0.0,0.0,0.0,0.0
3.52,0.0,0.0,3.043985943420898,0.0,0.0,-0.1589633954495311,1.0,0.0,0.0,0.0,0.0,0.0,0.0
3.5300000000000002,0.0,0.0,3.0424057188166405,0.0,0.0,-0.15708161309677995,1.0,0.0,0.0,0.0,0.0,0.0,0.0
3.54,0.0,0.0,3.0408443582667073,0.0,0.0,-0.1551905839636067,1.0,0.0,0.0,0.0,0.0,0.0,0.0
3.5500000000000003,0.0,0.0,3.0393019505037433,0.0,0.0,-0.15329105503259832,1.0,0.0,0.0,0.0,0.0,0.0,0.0
3.56,0.0,0.0,3.0377785768534116,0.0,0.0,-0.15138376071974033,1.0,0.0,0.0,0.0,0.0,0.0,0.0
3.5700000000000003,0.0,0.0,3.0362743113598487,0.0,0.0,-0.14946942291648344,1.0,0.0,0.0,0.0,0.0,0.0,0.0
3.58,0.0,0.0,3.034789220910686,0.0,0.0,-0.14754875103461018,1.0,0.0,0.0,0.0,0.0,0.0,0.0
3.59,0.0,0.0,3.033323365361608,0.0,0.0,-0.145622442053821,1.0,0.0,0.0,0.0,0.0,0.0,0.0
3.6,0.0,0.0,3.0318767976604204,0.0,0.0,-0.1436911805719601,1.0,0.0,0.0,0.0,0.0,0.0,0.0
3.61,0.0,0.0,3.030449563970608,0.0,0.0,-0.1417556388578041,1.0,0.0,0.0,0.0,0.0,0.0,0.0
3.62,0.0,0.0,3.0290417037943462,0.0,0.0,-0.13981647690633664,1.0,0.0,0.0,0.0,0.0,0.0,0.0
3.63,0.0,0.0,3.027653250094951,0.0,0.0,-0.13787434249643432,1.0,0.0,0.0,0.0,0.0,0.0,0.0
3.64,0.0,0.0,3.026284229418739,0.0,0.0,-0.1359298712508901,1.0,0.0,0.0,0.0,0.0,0.0,0.0
3.65,0.0,0.0,3.0249346620162796,0.0,0.0,-0.13398368669870225,1.0,0.0,0.0,0.0,0.0,0.0,0.0
3.66,0.0,0.0,3.023604561963006,0.0,0.0,-0.13203640033955777,1.0,0.0,0.0,0.0,0.0,0.0,0.0
3.67,0.0,0.0,3.022293937279179,0.0,0.0,-0.13008861171044042,1.0,0.0,0.0,0.0,0.0,0.0,0.0
3.68,0.0,0.0,3.0210027900491676,0.0,0.0,-0.12814090845429552,1.0,0.0,0.0,0.0,0.0,0.0,0.0
3.69,0.0,0.0,3.0197311165400382,0.0,0.0,-0.126193866390684,1.0,0.0,0.0,0.0,0.0,0.0,0.0
3.7,0.0,0.0,3.0184789073194245,0.0,0.0,-0.12424804958835997,1.0,0.0,0.0,0.0,0.0,0.0,0.0
3.71,0.0,0.0,3.017246147372662,0.0,0.0,-0.12230401043970722,1.0,0.0,0.0,0.0,0.0,0.0,0.0
3.72,0.0,0.0,3.0160328162191723,0.0,0.0,-0.12036228973697115,1.0,0.0,0.0,0.0,0.0,0.0,0.0
3.73,0.0,0.0,3.0148388880280734,0.0,0.0,-0.11842341675022389,1.0,0.0,0.0,0.0,0.0,0.0,0.0
3.74,0.0,0.0,3.013664331733003,0.0,0.0,-0.1164879093070015,1.0,0.0,0.0,0.0,0.0,0.0,0.0
3.75,0.0,0.0,3.012509111146138,0.0,0.0,-0.11455627387355324,1.0,0.0,0.0,0.0,0.0,0.0,0.0
3.7600000000000002,0.0,0.0,3.0113731850713927,0.0,0.0,-0.11262900563764422,1.0,0.0,0.0,0.0,0.0,0.0,0.0
3.77,0.0,0.0,3.010256507416782,0.0,0.0,-0.11070658859285343,1.0,0.0,0.0,0.0,0.0,0.0,0.0
3.7800000000000002,0.0,0.0,3.0091590273059348,0.0,0.0,-0.10878949562431076,1.0,0.0,0.0,0.0,0.0,0.0,0.0
3.79,0.0,0.0,3.0080806891887413,0.0,0.0,-0.1068781885958172,1.0,0.0,0.0,0.0,0.0,0.0,0.0
3.8000000000000003,0.0,0.0,3.007021432951126,0.0,0.0,-0.1049731184382938,1.0,0.0,0.0,0.0,0.0,0.0,0.0
3.81,0.0,0.0,3.005981194023926,0.0,0.0,-0.10307472523950577,1.0,0.0,0.0,0.0,0.0,0.0,0.0
3.8200000000000003,0.0,0.0,3.0049599034908683,0.0,0.0,-0.10118343833500941,1.0,0.0,0.0,0.0,0.0,0.0,0.0
3.83,0.0,0.0,3.0039574881956304,0.0,0.0,-0.09929967640027003,1.0,0.0,0.0,0.0,0.0,0.0,0.0
3.84,0.0,0.0,3.002973870847976,0.0,0.0,-0.09742384754390054,1.0,0.0,0.0,0.0,0.0,0.0,0.0
3.85,0.0,0.0,3.002008970128951,0.0,0.0,-0.09555634940197118,1.0,0.0,0.0,0.0,0.0,0.0,0.0
3.86,0.0,0.0,3.001062700795132,0.0,0.0,-0.09369756923334153,1.0,0.0,0.0,0.0,0.0,0.0,0.0
3.87,0.0,0.0,3.0001349737819165,0.0,0.0,-0.09184788401596723,1.0,0.0,0.0,0.0,0.0,0.0,0.0
3.88,0.0,0.0,2.9992256963058463,0.0,0.0,-0.09000766054413452,1.0,0.0,0.0,0.0,0.0,0.0,0.0
3.89,0.0,0.0,2.998334771965953,0.0,0.0,-0.08817725552657682,1.0,0.0,0.0,0.0,0.0,0.0,0.0
3.9,0.0,0.0,2.997462100844119,0.0,0.0,-0.08635701568542807,1.0,0.0,0.0,0.0,0.0,0.0,0.0
3.91,0.0,0.0,2.996607579604443,0.0,0.0,-0.08454727785596894,1.0,0.0,0.0,0.0,0.0,0.0,0.0
3.92,0.0,0.0,2.9957711015916084,0.0,0.0,-0.08274836908712227,1.0,0.0,0.0,0.0,0.0,0.0,0.0
3.93,0.0,0.0,2.994952556928238,0.0,0.0,-0.08096060674265547,1.0,0.0,0.0,0.0,0.0,0.0,0.0
3.94,0.0,0.0,2.9941518326112377,0.0,0.0,-0.07918429860304807,1.0,0.0,0.0,0.0,0.0,0.0,0.0
3.95,0.0,0.0,2.993368812607117,0.0,0.0,-0.07741974296798357,1.0,0.0,0.0,0.0,0.0,0.0,0.0
3.96,0.0,0.0,2.9926033779462795,0.0,0.0,-0.07566722875942547,1.0,0.0,0.0,0.0,0.0,0.0,0.0
3.97,0.0,0.0,2.991855406816284,0.0,0.0,-0.07392703562523817,1.0,0.0,0.0,0.0,0.0,0.0,0.0
3.98,0.0,0.0,2.9911247746540632,0.0,0.0,-0.07219943404331418,1.0,0.0,0.0,0.0,0.0,0.0,0.0
3.99,0.0,0.0,2.9904113542371014,0.0,0.0,-0.07048468542616974,1.0,0.0,0.0,0.0,0.0,0.0,0.0
4.0,0.0,0.0,2.9897150157735615,0.0,0.0,-0.06878304222597191,1.0,0.0,0.0,0.0,0.0,0.0,0.0
4.01,0.0,0.0,2.9890356269913623,0.0,0.0,-0.06709474803996063,1.0,0.0,0.0,0.0,0.0,0.0,0.0
4.0200000000000005,0.0,0.0,2.9883730532261987,0.0,0.0,-0.06542003771623012,1.0,0.0,0.0,0.0,0.0,0.0,0.0
4.03,0.0,0.0,2.9877271575085023,0.0,0.0,-0.06375913745983476,1.0,0.0,0.0,0.0,0.0,0.0,0.0
4.04,0.0,0.0,2.9870978006493387,0.0,0.0,-0.062112264939185015,1.0,0.0,0.0,0.0,0.0,0.0,0.0
4.05,0.0,0.0,2.986484841325242,0.0,0.0,-0.06047962939269992,1.0,0.0,0.0,0.0,0.0,0.0,0.0
4.0600000000000005,0.0,0.0,2.985888136161979,0.0,0.0,-0.05886143173568313,1.0,0.0,0.0,0.0,0.0,0.0,0.0
4.07,0.0,0.0,2.985307539817247,0.0,0.0,-0.05725786466739031,1.0,0.0,0.0,0.0,0.0,0.0,0.0
4.08,0.0,0.0,2.9847429050622942,0.0,0.0,-0.055669112778256105,1.0,0.0,0.0,0.0,0.0,0.0,0.0
4.09,0.0,0.0,2.9841940828624747,0.0,0.0,-0.05409535265724974,1.0,0.0,0.0,0.0,0.0,0.0,0.0
4.1,0.0,0.0,2.9836609224567234,0.0,0.0,-0.052536752999328896,1.0,0.0,0.0,0.0,0.0,0.0,0.0
4.11,0.0,0.0,2.9831432714359596,0.0,0.0,-0.05099347471296196,1.0,0.0,0.0,0.0,0.0,0.0,0.0
4.12,0.0,0.0,2.9826409758204138,0.0,0.0,-0.049465671027689534,1.0,0.0,0.0,0.0,0.0,0.0,0.0
4.13,0.0,0.0,2.982153880135878,0.0,0.0,-0.04795348760169663,1.0,0.0,0.0,0.0,0.0,0.0,0.0
4.14,0.0,0.0,2.9816818274888823,0.0,0.0,-0.04645706262936735,1.0,0.0,0.0,0.0,0.0,0.0,0.0
4.15,0.0,0.0,2.981224659640796,0.0,0.0,-0.0449765269487949,1.0,0.0,0.0,0.0,0.0,0.0,0.0
4.16,0.0,0.0,2.980782217080851,0.0,0.0,-0.043512004149219796,1.0,0.0,0.0,0.0,0.0,0.0,0.0
4.17,0.0,0.0,2.9803543390980956,0.0,0.0,-0.042063610678369986,1.0,0.0,0.0,0.0,0.0,0.0,0.0
4.18,0.0,0.0,2.9799408638522715,0.0,0.0,-0.040631455949677237,1.0,0.0,0.0,0.0,0.0,0.0,0.0
4.19,0.0,0.0,2.9795416284436236,0.0,0.0,-0.03921564244934439,1.0,0.0,0.0,0.0,0.0,0.0,0.0
4.2,0.0,0.0,2.979156468981636,0.0,0.0,-0.03781626584323877,1.0,0.0,0.0,0.0,0.0,0.0,0.0
4.21,0.0,0.0,2.9787852206527017,0.0,0.0,-0.03643341508358774,1.0,0.0,0.0,0.0,0.0,0.0,0.0
4.22,0.0,0.0,2.978427717786728,0.0,0.0,-0.035067172515452445,1.0,0.0,0.0,0.0,0.0,0.0,0.0
4.23,0.0,0.0,2.9780837939226763,0.0,0.0,-0.033717613982956834,1.0,0.0,0.0,0.0,0.0,0.0,0.0
4.24,0.0,0.0,2.97775328187304,0.0,0.0,-0.03238480893524904,1.0,0.0,0.0,0.0,0.0,0.0,0.0
4.25,0.0,0.0,2.9774360137872677,0.0,0.0,-0.031068820532173167,1.0,0.0,0.0,0.0,0.0,0.0,0.0
4.26,0.0,0.0,2.9771318212141296,0.0,0.0,-0.029769705749629716,1.0,0.0,0.0,0.0,0.0,0.0,0.0
4.2700000000000005,0.0,0.0,2.97684053516303,0.0,0.0,-0.028487515484603328,1.0,0.0,0.0,0.0,0.0,0.0,0.0
4.28,0.0,0.0,2.9765619861642745,0.0,0.0,-0.027222294659837293,1.0,0.0,0.0,0.0,0.0,0.0,0.0
4.29,0.0,0.0,2.9762960043282893,0.0,0.0,-0.025974082328134362,1.0,0.0,0.0,0.0,0.0,0.0,0.0
4.3,0.0,0.0,2.9760424194038033,0.0,0.0,-0.024742911776264243,1.0,0.0,0.0,0.0,0.0,0.0,0.0
4.3100000000000005,0.0,0.0,2.9758010608349887,0.0,0.0,-0.02352881062845833,1.0,0.0,0.0,0.0,0.0,0.0,0.0
4.32,0.0,0.0,2.9755717578175718,0.0,0.0,-0.022331800949472753,1.0,0.0,0.0,0.0,0.0,0.0,0.0
4.33,0.0,0.0,2.975354339353915,0.0,0.0,-0.02115189934720127,1.0,0.0,0.0,0.0,0.0,0.0,0.0
4.34,0.0,0.0,2.9751486343070743,0.0,0.0,-0.019989117074820144,1.0,0.0,0.0,0.0,0.0,0.0,0.0
4.3500000000000005,0.0,0.0,2.974954471453838,0.0,0.0,-0.01884346013244717,1.0,0.0,0.0,0.0,0.0,0.0,0.0
4.36,0.0,0.0,2.974771679536752,0.0,0.0,-0.017714929368297966,1.0,0.0,0.0,0.0,0.0,0.0,0.0
4.37,0.0,0.0,2.9746000873151344,0.0,0.0,-0.016603520579322475,1.0,0.0,0.0,0.0,0.0,0.0,0.0
4.38,0.0,0.0,2.9744395236150893,0.0,0.0,-0.015509224611305753,1.0,0.0,0.0,0.0,0.0,0.0,0.0
4.39,0.0,0.0,2.9742898173785197,0.0,0.0,-0.014432027458416718,1.0,0.0,0.0,0.0,0.0,0.0,0.0
4.4,0.0,0.0,2.974150797711148,0.0,0.0,-0.013371910362189769,1.0,0.0,0.0,0.0,0.0,0.0,0.0
4.41,0.0,0.0,2.974022293929552,0.0,0.0,-0.012328849909923835,1.0,0.0,0.0,0.0,0.0,0.0,0.0
4.42,0.0,0.0,2.9739041356072162,0.0,0.0,-0.011302818132484413,1.0,0.0,0.0,0.0,0.0,0.0,0.0
4.43,0.0,0.0,2.9737961526196126,0.0,0.0,-0.01029378260149415,1.0,0.0,0.0,0.0,0.0,0.0,0.0
4.44,0.0,0.0,2.9736981751883085,0.0,0.0,-0.009301706525898224,1.0,0.0,0.0,0.0,0.0,0.0,0.0
4.45,0.0,0.0,2.9736100339241136,0.0,0.0,-0.00832654884789078,1.0,0.0,0.0,0.0,0.0,0.0,0.0
4.46,0.0,0.0,2.9735315598692718,0.0,0.0,-0.007368264338189433,1.0,0.0,0.0,0.0,0.0,0.0,0.0
4.47,0.0,0.0,2.973462584538703,0.0,0.0,-0.006426803690645076,1.0,0.0,0.0,0.0,0.0,0.0,0.0
4.48,0.0,0.0,2.9734029399603013,0.0,0.0,-0.005502113616174633,1.0,0.0,0.0,0.0,0.0,0.0,0.0
4.49,0.0,0.0,2.973352458714299,0.0,0.0,-0.004594136936004584,1.0,0.0,0.0,0.0,0.0,0.0,0.0
4.5,0.0,0.0,2.9733109739717003,0.0,0.0,-0.0037028126742137896,1.0,0.0,0.0,0.0,0.0,0.0,0.0
4.51,0.0,0.0,2.973278319531793,0.0,0.0,-0.002828076149564228,1.0,0.0,0.0,0.0,0.0,0.0,0.0
4.5200000000000005,0.0,0.0,2.973254329858748,0.0,0.0,-0.001969859066608797,1.0,0.0,0.0,0.0,0.0,0.0,0.0
4.53,0.0,0.0,2.9732388401173075,0.0,0.0,-0.0011280896060654856,1.0,0.0,0.0,0.0,0.0,0.0,0.0
4.54,0.0,0.0,2.973231686207576,0.0,0.0,-0.00030269251444785315,1.0,0.0,0.0,0.0,0.0,0.0,0.0
4.55,0.0,0.0,2.973232704798856,0.0,0.0,0.000506410719189675,1.0,0.0,0.0,0.0,0.0,0.0,0.0
4.5600000000000005,0.0,0.0,2.973241733356474,0.0,0.0,0.001299300593309995,1.0,0.0,0.0,0.0,0.0,0.0,0.0
4.57,0.0,0.0,2.973258610161455,0.0,0.0,0.0020760600163423366,1.0,0.0,0.0,0.0,0.0,0.0,0.0
4.58,0.0,0.0,2.973283174339943,0.0,0.0,0.0028367751301031723,1.0,0.0,0.0,0.0,0.0,0.0,0.0
4.59,0.0,0.0,2.973315265895342,0.0,0.0,0.0035815352449385,1.0,0.0,0.0,0.0,0.0,0.0,0.0
4.6000000000000005,0.0,0.0,2.973354725739549,0.0,0.0,0.004310432748182385,1.0,0.0,0.0,0.0,0.0,0.0,0.0
4.61,0.0,0.0,2.973401395723265,0.0,0.0,0.005023563013515045,1.0,0.0,0.0,0.0,0.0,0.0,0.0
4.62,0.0,0.0,2.9734551186654135,0.0,0.0,0.005721024311231861,1.0,0.0,0.0,0.0,0.0,0.0,0.0
4.63,0.0,0.0,2.973515738381662,0.0,0.0,0.006402917719433563,1.0,0.0,0.0,0.0,0.0,0.0,0.0
4.64,0.0,0.0,2.973583099712059,0.0,0.0,0.0070693470361479945,1.0,0.0,0.0,0.0,0.0,0.0,0.0
4.65,0.0,0.0,2.973657048547801,0.0,0.0,0.007720418692392722,1.0,0.0,0.0,0.0,0.0,0.0,0.0
4.66,0.0,0.0,2.9737374318571304,0.0,0.0,0.00835624166618745,1.0,0.0,0.0,0.0,0.0,0.0,0.0
4.67,0.0,0.0,2.9738240977103807,0.0,0.0,0.008976927397524702,1.0,0.0,0.0,0.0,0.0,0.0,0.0
4.68,0.0,0.0,2.9739168953041775,0.0,0.0,0.009582589704306617,1.0,0.0,0.0,0.0,0.0,0.0,0.0
4.69,0.0,0.0,2.9740156749847997,0.0,0.0,0.010173344699255144,1.0,0.0,0.0,0.0,0.0,0.0,0.0
4.7,0.0,0.0,2.9741202882707194,0.0,0.0,0.010749310707802587,1.0,0.0,0.0,0.0,0.0,0.0,0.0
4.71,0.0,0.0,2.974230587874322,0.0,0.0,0.011310608186968784,1.0,0.0,0.0,0.0,0.0,0.0,0.0
4.72,0.0,0.0,2.974346427722822,0.0,0.0,0.011857359645230759,1.0,0.0,0.0,0.0,0.0,0.0,0.0
4.73,0.0,0.0,2.9744676629783817,0.0,0.0,0.012389689563390226,1.0,0.0,0.0,0.0,0.0,0.0,0.0
4.74,0.0,0.0,2.9745941500574427,0.0,0.0,0.012907724316443905,1.0,0.0,0.0,0.0,0.0,0.0,0.0
4.75,0.0,0.0,2.9747257466492845,0.0,0.0,0.013411592096460978,1.0,0.0,0.0,0.0,0.0,0.0,0.0
4.76,0.0,0.0,2.974862311733813,0.0,0.0,0.013901422836471786,1.0,0.0,0.0,0.0,0.0,0.0,0.0
4.7700000000000005,0.0,0.0,2.9750037055985947,0.0,0.0,0.014377348135371186,1.0,0.0,0.0,0.0,0.0,0.0,0.0
4.78,0.0,0.0,2.9751497898551458,0.0,0.0,0.014839501183839802,1.0,0.0,0.0,0.0,0.0,0.0,0.0
4.79,0.0,0.0,2.9753004274544836,0.0,0.0,0.015288016691285683,1.0,0.0,0.0,0.0,0.0,0.0,0.0
4.8,0.0,0.0,2.975455482701955,0.0,0.0,0.015723030813808825,1.0,0.0,0.0,0.0,0.0,0.0,0.0
4.8100000000000005,0.0,0.0,2.9756148212713467,0.0,0.0,0.016144681083190254,1.0,0.0,0.0,0.0,0.0,0.0,0.0
4.82,0.0,0.0,2.9757783102182933,0.0,0.0,0.01655310633690721,1.0,0.0,0.0,0.0,0.0,0.0,0.0
4.83,0.0,0.0,2.9759458179929883,0.0,0.0,0.01694844664917541,1.0,0.0,0.0,0.0,0.0,0.0,0.0
4.84,0.0,0.0,2.9761172144522137,0.0,0.0,0.017330843263019275,1.0,0.0,0.0,0.0,0.0,0.0,0.0
4.8500000000000005,0.0,0.0,2.9762923708706914,0.0,0.0,0.017700438523370155,1.0,0.0,0.0,0.0,0.0,0.0,0.0
4.86,0.0,0.0,2.976471159951774,0.0,0.0,0.018057375811192742,1.0,0.0,0.0,0.0,0.0,0.0,0.0
4.87,0.0,0.0,2.9766534558374813,0.0,0.0,0.01840179947863912,1.0,0.0,0.0,0.0,0.0,0.0,0.0
4.88,0.0,0.0,2.976839134117892,0.0,0.0,0.01873385478522979,1.0,0.0,0.0,0.0,0.0,0.0,0.0
4.89,0.0,0.0,2.9770280718399036,0.0,0.0,0.01905368783506053,1.0,0.0,0.0,0.0,0.0,0.0,0.0
4.9,0.0,0.0,2.9772201475153706,0.0,0.0,0.019361445515033736,1.0,0.0,0.0,0.0,0.0,0.0,0.0
4.91,0.0,0.0,2.9774152411286265,0.0,0.0,0.019657275434112442,1.0,0.0,0.0,0.0,0.0,0.0,0.0
4.92,0.0,0.0,2.977613234143408,0.0,0.0,0.019941325863595052,1.0,0.0,0.0,0.0,0.0,0.0,0.0
4.93,0.0,0.0,2.977814009509183,0.0,0.0,0.020213745678408356,1.0,0.0,0.0,0.0,0.0,0.0,0.0
4.94,0.0,0.0,2.9780174516669002,0.0,0.0,0.02047468429941625,1.0,0.0,0.0,0.0,0.0,0.0,0.0
4.95,0.0,0.0,2.978223446554163,0.0,0.0,0.020724291636741204,1.0,0.0,0.0,0.0,0.0,0.0,0.0
4.96,0.0,0.0,2.9784318816098447,0.0,0.0,0.02096271803409529,1.0,0.0,0.0,0.0,0.0,0.0,0.0
4.97,0.0,0.0,2.978642645778153,0.0,0.0,0.021190114214117258,1.0,0.0,0.0,0.0,0.0,0.0,0.0
4.98,0.0,0.0,2.9788556295121467,0.0,0.0,0.021406631224711915,1.0,0.0,0.0,0.0,0.0,0.0,0.0
4.99,0.0,0.0,2.979070724776729,0.0,0.0,0.021612420386387908,1.0,0.0,0.0,0.0,0.0,0.0,0.0
5.0,0.0,0.0,2.979287825051113,0.0,0.0,0.021807633240589517,1.0,0.0,0.0,0.0,0.0,0.0,0.0
5.01,0.0,0.0,2.979506825330778,0.0,0.0,0.021992421499018082,1.0,0.0,0.0,0.0,0.0,0.0,0.0
5.0200000000000005,0.0,0.0,2.979727622128925,0.0,0.0,0.022166936993938305,1.0,0.0,0.0,0.0,0.0,0.0,0.0
5.03,0.0,0.0,2.979950113477435,0.0,0.0,0.022331331629464508,1.0,0.0,0.0,0.0,0.0,0.0,0.0
5.04,0.0,0.0,2.980174198927354,0.0,0.0,0.022485757333821653,1.0,0.0,0.0,0.0,0.0,0.0,0.0
5.05,0.0,0.0,2.980399779548896,0.0,0.0,0.02263036601257575,1.0,0.0,0.0,0.0,0.0,0.0,0.0
5.0600000000000005,0.0,0.0,2.9806267579309895,0.0,0.0,0.022765309502828103,1.0,0.0,0.0,0.0,0.0,0.0,0.0
5.07,0.0,0.0,2.980855038180368,0.0,0.0,0.022890739528367666,1.0,0.0,0.0,0.0,0.0,0.0,0.0
5.08,0.0,0.0,2.9810845259202163,0.0,0.0,0.023006807655775414,1.0,0.0,0.0,0.0,0.0,0.0,0.0
5.09,0.0,0.0,2.981315128288386,0.0,0.0,0.023113665251474697,1.0,0.0,0.0,0.0,0.0,0.0,0.0
5.1000000000000005,0.0,0.0,2.981546753935182,0.0,0.0,0.023211463439721223,1.0,0.0,0.0,0.0,0.0,0.0,0.0
5.11,0.0,0.0,2.9817793130207364,0.0,0.0,0.023300353061526155,1.0,0.0,0.0,0.0,0.0,0.0,0.0
5.12,0.0,0.0,2.9820127172119744,0.0,0.0,0.02338048463450566,1.0,0.0,0.0,0.0,0.0,0.0,0.0
5.13,0.0,0.0,2.9822468796791846,0.0,0.0,0.02345200831365015,1.0,0.0,0.0,0.0,0.0,0.0,0.0
5.14,0.0,0.0,2.982481715092202,0.0,0.0,0.02351507385300617,1.0,0.0,0.0,0.0,0.0,0.0,0.0
5.15,0.0,0.0,2.982717139616209,0.0,0.0,0.023569830568263905,1.0,0.0,0.0,0.0,0.0,0.0,0.0
5.16,0.0,0.0,2.9829530709071723,0.0,0.0,0.02361642730024293,1.0,0.0,0.0,0.0,0.0,0.0,0.0
5.17,0.0,0.0,2.9831894281069147,0.0,0.0,0.023655012379268984,1.0,0.0,0.0,0.0,0.0,0.0,0.0
5.18,0.0,0.0,2.9834261318378354,0.0,0.0,0.023685733590434094,1.0,0.0,0.0,0.0,0.0,0.0,0.0
5.19,0.0,0.0,2.9836631041972903,0.0,0.0,0.023708738139732503,1.0,0.0,0.0,0.0,0.0,0.0,0.0
5.2,0.0,0.0,2.983900268751634,0.0,0.0,0.02372417262106467,1.0,0.0,0.0,0.0,0.0,0.0,0.0
5.21,0.0,0.0,2.9841375505299403,0.0,0.0,0.02373218298410135,1.0,0.0,0.0,0.0,0.0,0.0,0.0
5.22,0.0,0.0,2.9843748760174016,0.0,0.0,0.02373291450299999,1.0,0.0,0.0,0.0,0.0,0.0,0.0
5.23,0.0,0.0,2.9846121731484225,0.0,0.0,0.023726511745965136,1.0,0.0,0.0,0.0,0.0,0.0,0.0
5.24,0.0,0.0,2.984849371299412,0.0,0.0,0.023713118545644875,1.0,0.0,0.0,0.0,0.0,0.0,0.0
5.25,0.0,0.0,2.9850864012812846,0.0,0.0,0.023692877970354975,1.0,0.0,0.0,0.0,0.0,0.0,0.0
5.26,0.0,0.0,2.985323195331676,0.0,0.0,0.0236659322961224,1.0,0.0,0.0,0.0,0.0,0.0,0.0
5.2700000000000005,0.0,0.0,2.9855596871068855,0.0,0.0,0.02363242297953973,1.0,0.0,0.0,0.0,0.0,0.0,0.0
5.28,0.0,0.0,2.98579581167355,0.0,0.0,0.023592490631422082,1.0,0.0,0.0,0.0,0.0,0.0,0.0
5.29,0.0,0.0,2.9860315055000575,0.0,0.0,0.023546274991257915,1.0,0.0,0.0,0.0,0.0,0.0,0.0
5.3,0.0,0.0,2.98626670644771,0.0,0.0,0.023493914902445026,1.0,0.0,0.0,0.0,0.0,0.0,0.0
5.3100000000000005,0.0,0.0,2.9865013537616445,0.0,0.0,0.023435548288303187,1.0,0.0,0.0,0.0,0.0,0.0,0.0
5.32,0.0,0.0,2.9867353880615135,0.0,0.0,0.023371312128854547,1.0,0.0,0.0,0.0,0.0,0.0,0.0
5.33,0.0,0.0,2.986968751331942,0.0,0.0,0.023301342438363012,1.0,0.0,0.0,0.0,0.0,0.0,0.0
5.34,0.0,0.0,2.98720138691276,0.0,0.0,0.023225774243623754,1.0,0.0,0.0,0.0,0.0,0.0,0.0
5.3500000000000005,0.0,0.0,2.9874332394890226,0.0,0.0,0.02314474156299403,1.0,0.0,0.0,0.0,0.0,0.0,0.0
5.36,0.0,0.0,2.9876642550808263,0.0,0.0,0.023058377386156216,1.0,0.0,0.0,0.0,0.0,0.0,0.0
5.37,0.0,0.0,2.9878943810329233,0.0,0.0,0.02296681365460422,1.0,0.0,0.0,0.0,0.0,0.0,0.0
5.38,0.0,0.0,2.9881235660041447,0.0,0.0,0.02287018124284421,1.0,0.0,0.0,0.0,0.0,0.0,0.0
5.39,0.0,0.0,2.9883517599566427,0.0,0.0,0.02276860994030053,1.0,0.0,0.0,0.0,0.0,0.0,0.0
5.4,0.0,0.0,2.9885789141449504,0.0,0.0,0.022662228433917894,1.0,0.0,0.0,0.0,0.0,0.0,0.0
5.41,0.0,0.0,2.988804981104875,0.0,0.0,0.022551164291450685,1.0,0.0,0.0,0.0,0.0,0.0,0.0
5.42,0.0,0.0,2.9890299146422246,0.0,0.0,0.022435543945430177,1.0,0.0,0.0,0.0,0.0,0.0,0.0
5.43,0.0,0.0,2.98925366982138,0.0,0.0,0.02231549267780078,1.0,0.0,0.0,0.0,0.0,0.0,0.0
5.44,0.0,0.0,2.9894762029537145,0.0,0.0,0.022191134605215882,1.0,0.0,0.0,0.0,0.0,0.0,0.0
5.45,0.0,0.0,2.9896974715858717,0.0,0.0,0.022062592664984358,1.0,0.0,0.0,0.0,0.0,0.0,0.0
5.46,0.0,0.0,2.989917434487904,0.0,0.0,0.021929988601658536,1.0,0.0,0.0,0.0,0.0,0.0,0.0
5.47,0.0,0.0,2.990136051641282,0.0,0.0,0.021793442954254436,1.0,0.0,0.0,0.0,0.0,0.0,0.0
5.48,0.0,0.0,2.9903532842267775,0.0,0.0,0.021653075044095183,1.0,0.0,0.0,0.0,0.0,0.0,0.0
5.49,0.0,0.0,2.9905690946122294,0.0,0.0,0.021509002963268343,1.0,0.0,0.0,0.0,0.0,0.0,0.0
5.5,0.0,0.0,2.990783446340197,0.0,0.0,0.021361343563688164,1.0,0.0,0.0,0.0,0.0,0.0,0.0
5.51,0.0,0.0,2.990996304115506,0.0,0.0,0.021210212446753567,1.0,0.0,0.0,0.0,0.0,0.0,0.0
5.5200000000000005,0.0,0.0,2.9912076337926936,0.0,0.0,0.021055723953592627,1.0,0.0,0.0,0.0,0.0,0.0,0.0
5.53,0.0,0.0,2.991417402363362,0.0,0.0,0.020897991155884633,1.0,0.0,0.0,0.0,0.0,0.0,0.0
5.54,0.0,0.0,2.9916255779434398,0.0,0.0,0.020737125847250508,1.0,0.0,0.0,0.0,0.0,0.0,0.0
5.55,0.0,0.0,2.9918321297603607,0.0,0.0,0.020573238535202522,1.0,0.0,0.0,0.0,0.0,0.0,0.0
5.5600000000000005,0.0,0.0,2.9920370281401656,0.0,0.0,0.020406438433644297,1.0,0.0,0.0,0.0,0.0,0.0,0.0
5.57,0.0,0.0,2.992240244494531,0.0,0.0,0.02023683345591206,1.0,0.0,0.0,0.0,0.0,0.0,0.0
5.58,0.0,0.0,2.992441751307733,0.0,0.0,0.02006453020834817,1.0,0.0,0.0,0.0,0.0,0.0,0.0
5.59,0.0,0.0,2.9926415221235447,0.0,0.0,0.019889633984397803,1.0,0.0,0.0,0.0,0.0,0.0,0.0
5.6000000000000005,0.0,0.0,2.9928395315320837,0.0,0.0,0.019712248759220043,1.0,0.0,0.0,0.0,0.0,0.0,0.0
5.61,0.0,0.0,2.9930357551566025,0.0,0.0,0.019532477184804435,1.0,0.0,0.0,0.0,0.0,0.0,0.0
5.62,0.0,0.0,2.9932301696402352,0.0,0.0,0.01935042058558397,1.0,0.0,0.0,0.0,0.0,0.0,0.0
5.63,0.0,0.0,2.993422752632704,0.0,0.0,0.01916617895453583,1.0,0.0,0.0,0.0,0.0,0.0,0.0
5.64,0.0,0.0,2.9936134827769854,0.0,0.0,0.018979850949761047,1.0,0.0,0.0,0.0,0.0,0.0,0.0
5.65,0.0,0.0,2.9938023396959474,0.0,0.0,0.01879153389153431,1.0,0.0,0.0,0.0,0.0,0.0,0.0
5.66,0.0,0.0,2.9939893039789602,0.0,0.0,0.018601323759815155,1.0,0.0,0.0,0.0,0.0,0.0,0.0
5.67,0.0,0.0,2.994174357168481,0.0,0.0,0.018409315192211933,1.0,0.0,0.0,0.0,0.0,0.0,0.0
5.68,0.0,0.0,2.9943574817466234,0.0,0.0,0.018215601482389942,1.0,0.0,0.0,0.0,0.0,0.0,0.0
5.69,0.0,0.0,2.9945386611217115,0.0,0.0,0.01802027457891509,1.0,0.0,0.0,0.0,0.0,0.0,0.0
5.7,0.0,0.0,2.994717879614827,0.0,0.0,0.017823425084524502,1.0,0.0,0.0,0.0,0.0,0.0,0.0
5.71,0.0,0.0,2.9948951224463465,0.0,0.0,0.017625142255815778,1.0,0.0,0.0,0.0,0.0,0.0,0.0
5.72,0.0,0.0,2.9950703757224835,0.0,0.0,0.017425514003346257,1.0,0.0,0.0,0.0,0.0,0.0,0.0
5.73,0.0,0.0,2.995243626421829,0.0,0.0,0.01722462689213409,1.0,0.0,0.0,0.0,0.0,0.0,0.0
5.74,0.0,0.0,2.9954148623819004,0.0,0.0,0.0170225661425526,1.0,0.0,0.0,0.0,0.0,0.0,0.0
5.75,0.0,0.0,2.9955840722857023,0.0,0.0,0.01681941563160997,1.0,0.0,0.0,0.0,0.0,0.0,0.0
5.76,0.0,0.0,2.9957512456483006,0.0,0.0,0.016615257894605617,1.0,0.0,0.0,0.0,0.0,0.0,0.0
5.7700000000000005,0.0,0.0,2.995916372803416,0.0,0.0,0.016410174127155588,1.0,0.0,0.0,0.0,0.0,0.0,0.0
5.78,0.0,0.0,2.996079444890038,0.0,0.0,0.016204244187578428,1.0,0.0,0.0,0.0,0.0,0.0,0.0
5.79,0.0,0.0,2.996240453839067,0.0,0.0,0.015997546599633847,1.0,0.0,0.0,0.0,0.0,0.0,0.0
5.8,0.0,0.0,2.996399392359983,0.0,0.0,0.015790158555606018,1.0,0.0,0.0,0.0,0.0,0.0,0.0
5.8100000000000005,0.0,0.0,2.9965562539275488,0.0,0.0,0.01558215591972366,1.0,0.0,0.0,0.0,0.0,0.0,0.0
5.82,0.0,0.0,2.9967110327685473,0.0,0.0,0.015373613231909005,1.0,0.0,0.0,0.0,0.0,0.0,0.0
5.83,0.0,0.0,2.9968637238485605,0.0,0.0,0.015164603711847989,1.0,0.0,0.0,0.0,0.0,0.0,0.0
5.84,0.0,0.0,2.9970143228587864,0.0,0.0,0.01495519926337381,1.0,0.0,0.0,0.0,0.0,0.0,0.0
5.8500000000000005,0.0,0.0,2.9971628262029064,0.0,0.0,0.014745470479156343,1.0,0.0,0.0,0.0,0.0,0.0,0.0
5.86,0.0,0.0,2.9973092309839977,0.0,0.0,0.014535486645689714,1.0,0.0,0.0,0.0,0.0,0.0,0.0
5.87,0.0,0.0,2.997453534991497,0.0,0.0,0.01432531574857056,1.0,0.0,0.0,0.0,0.0,0.0,0.0
5.88,0.0,0.0,2.9975957366882207,0.0,0.0,0.014115024478059613,1.0,0.0,0.0,0.0,0.0,0.0,0.0
5.89,0.0,0.0,2.99773583519744,0.0,0.0,0.013904678234919083,1.0,0.0,0.0,0.0,0.0,0.0,0.0
5.9,0.0,0.0,2.9978738302900174,0.0,0.0,0.013694341136518589,1.0,0.0,0.0,0.0,0.0,0.0,0.0
5.91,0.0,0.0,2.9980097223716027,0.0,0.0,0.01348407602320254,1.0,0.0,0.0,0.0,0.0,0.0,0.0
5.92,0.0,0.0,2.998143512469898,0.0,0.0,0.013273944464911556,1.0,0.0,0.0,0.0,0.0,0.0,0.0
5.93,0.0,0.0,2.998275202221986,0.0,0.0,0.013064006768051093,1.0,0.0,0.0,0.0,0.0,0.0,0.0
5.94,0.0,0.0,2.998404793861732,0.0,0.0,0.012854321982600003,1.0,0.0,0.0,0.0,0.0,0.0,0.0
5.95,0.0,0.0,2.9985322902072564,0.0,0.0,0.012644947909452314,1.0,0.0,0.0,0.0,0.0,0.0,0.0
5.96,0.0,0.0,2.998657694648479,0.0,0.0,0.012435941107985179,1.0,0.0,0.0,0.0,0.0,0.0,0.0
5.97,0.0,0.0,2.9987810111347453,0.0,0.0,0.012227356903846286,1.0,0.0,0.0,0.0,0.0,0.0,0.0
5.98,0.0,0.0,2.998902244162529,0.0,0.0,0.01201924939695405,1.0,0.0,0.0,0.0,0.0,0.0,0.0
5.99,0.0,0.0,2.9990213987632153,0.0,0.0,0.011811671469703742,1.0,0.0,0.0,0.0,0.0,0.0,0.0
6.0,0.0,0.0,2.999138480490967,0.0,0.0,0.011604674795373224,1.0,0.0,0.0,0.0,0.0,0.0,0.0
6.01,0.0,0.0,2.9992534954106773,0.0,0.0,0.011398309846721588,1.0,0.0,0.0,0.0,0.0,0.0,0.0
6.0200000000000005,0.0,0.0,2.999366450086009,0.0,0.0,0.011192625904774439,1.0,0.0,0.0,0.0,0.0,0.0,0.0
6.03,0.0,0.0,2.99947735156752,0.0,0.0,0.010987671067789313,1.0,0.0,0.0,0.0,0.0,0.0,0.0
6.04,0.0,0.0,2.999586207380884,0.0,0.0,0.010783492260395126,1.0,0.0,0.0,0.0,0.0,0.0,0.0
6.05,0.0,0.0,2.9996930255151972,0.0,0.0,0.010580135242899273,1.0,0.0,0.0,0.0,0.0,0.0,0.0
6.0600000000000005,0.0,0.0,2.999797814411387,0.0,0.0,0.010377644620756403,1.0,0.0,0.0,0.0,0.0,0.0,0.0
6.07,0.0,0.0,2.999900582950707,0.0,0.0,0.010176063854192773,1.0,0.0,0.0,0.0,0.0,0.0,0.0
6.08,0.0,0.0,3.000001340443337,0.0,0.0,0.009975435267980216,1.0,0.0,0.0,0.0,0.0,0.0,0.0
6.09,0.0,0.0,3.0001000966170768,0.0,0.0,0.009775800061353836,1.0,0.0,0.0,0.0,0.0,0.0,0.0
6.1000000000000005,0.0,0.0,3.00019686160614,0.0,0.0,0.009577198318067585,1.0,0.0,0.0,0.0,0.0,0.0,0.0
6.11,0.0,0.0,3.0002916459400524,0.0,0.0,0.009379669016582015,1.0,0.0,0.0,0.0,0.0,0.0,0.0
6.12,0.0,0.0,3.000384460532649,0.0,0.0,0.009183250040378583,1.0,0.0,0.0,0.0,0.0,0.0,0.0
6.13,0.0,0.0,3.0004753166711766,0.0,0.0,0.008987978188394882,1.0,0.0,0.0,0.0,0.0,0.0,0.0
6.140000000000001,0.0,0.0,3.000564226005502,0.0,0.0,0.008793889185575207,1.0,0.0,0.0,0.0,0.0,0.0,0.0
6.15,0.0,0.0,3.000651200537424,0.0,0.0,0.008601017693531283,1.0,0.0,0.0,0.0,0.0,0.0,0.0
6.16,0.0,0.0,3.000736252610095,0.0,0.0,0.008409397321307516,1.0,0.0,0.0,0.0,0.0,0.0,0.0
6.17,0.0,0.0,3.0008193948975492,0.0,0.0,0.00821906063624565,1.0,0.0,0.0,0.0,0.0,0.0,0.0
6.18,0.0,0.0,3.000900640394341,0.0,0.0,0.008030039174943576,1.0,0.0,0.0,0.0,0.0,0.0,0.0
6.19,0.0,0.0,3.000980002405291,0.0,0.0,0.007842363454303296,1.0,0.0,0.0,0.0,0.0,0.0,0.0
6.2,0.0,0.0,3.0010574945353468,0.0,0.0,0.007656062982662787,1.0,0.0,0.0,0.0,0.0,0.0,0.0
6.21,0.0,0.0,3.001133130679553,0.0,0.0,0.007471166271006989,1.0,0.0,0.0,0.0,0.0,0.0,0.0
6.22,0.0,0.0,3.0012069250131326,0.0,0.0,0.007287700844252871,1.0,0.0,0.0,0.0,0.0,0.0,0.0
6.23,0.0,0.0,3.0012788919816855,0.0,0.0,0.007105693252603921,1.0,0.0,0.0,0.0,0.0,0.0,0.0
6.24,0.0,0.0,3.001349046291496,0.0,0.0,0.006925169082969197,1.0,0.0,0.0,0.0,0.0,0.0,0.0
6.25,0.0,0.0,3.0014174028999583,0.0,0.0,0.0067461529704423515,1.0,0.0,0.0,0.0,0.0,0.0,0.0
6.26,0.0,0.0,3.0014839770061172,0.0,0.0,0.006568668609835983,1.0,0.0,0.0,0.0,0.0,0.0,0.0
6.2700000000000005,0.0,0.0,3.0015487840413217,0.0,0.0,0.006392738767266807,1.0,0.0,0.0,0.0,0.0,0.0,0.0
6.28,0.0,0.0,3.001611839659996,0.0,0.0,0.006218385291787303,1.0,0.0,0.0,0.0,0.0,0.0,0.0
6.29,0.0,0.0,3.001673159730528,0.0,0.0,0.006045629127059399,1.0,0.0,0.0,0.0,0.0,0.0,0.0
6.3,0.0,0.0,3.001732760326275,0.0,0.0,0.005874490323065851,1.0,0.0,0.0,0.0,0.0,0.0,0.0
6.3100000000000005,0.0,0.0,3.0017906577166826,0.0,0.0,0.0057049880478552825,1.0,0.0,0.0,0.0,0.0,0.0,0.0
6.32,0.0,0.0,3.0018468683585273,0.0,0.0,0.0055371405993164995,1.0,0.0,0.0,0.0,0.0,0.0,0.0
6.33,0.0,0.0,3.001901408887272,0.0,0.0,0.005370965416978317,1.0,0.0,0.0,0.0,0.0,0.0,0.0
6.34,0.0,0.0,3.0019542961085435,0.0,0.0,0.005206479093830609,1.0,0.0,0.0,0.0,0.0,0.0,0.0
6.3500000000000005,0.0,0.0,3.0020055469897233,0.0,0.0,0.005043697388162872,1.0,0.0,0.0,0.0,0.0,0.0,0.0
6.36,0.0,0.0,3.0020551786516627,0.0,0.0,0.004882635235416344,1.0,0.0,0.0,0.0,0.0,0.0,0.0
6.37,0.0,0.0,3.0021032083605115,0.0,0.0,0.00472330676004601,1.0,0.0,0.0,0.0,0.0,0.0,0.0
6.38,0.0,0.0,3.0021496535196697,0.0,0.0,0.004565725287388688,1.0,0.0,0.0,0.0,0.0,0.0,0.0
6.390000000000001,0.0,0.0,3.002194531661853,0.0,0.0,0.004409903355533611,1.0,0.0,0.0,0.0,0.0,0.0,0.0
6.4,0.0,0.0,3.0022378604412823,0.0,0.0,0.0042558527271919725,1.0,0.0,0.0,0.0,0.0,0.0,0.0
6.41,0.0,0.0,3.0022796576259876,0.0,0.0,0.004103584401561905,1.0,0.0,0.0,0.0,0.0,0.0,0.0
6.42,0.0,0.0,3.0023199410902324,0.0,0.0,0.003953108626185511,1.0,0.0,0.0,0.0,0.0,0.0,0.0
6.43,0.0,0.0,3.002358728807057,0.0,0.0,0.003804434908794579,1.0,0.0,0.0,0.0,0.0,0.0,0.0
6.44,0.0,0.0,3.0023960388409385,0.0,0.0,0.0036575720291417073,1.0,0.0,0.0,0.0,0.0,0.0,0.0
6.45,0.0,0.0,3.0024318893405715,0.0,0.0,0.003512528050813668,1.0,0.0,0.0,0.0,0.0,0.0,0.0
6.46,0.0,0.0,3.002466298531764,0.0,0.0,0.0033693103330238072,1.0,0.0,0.0,0.0,0.0,0.0,0.0
6.47,0.0,0.0,3.0024992847104532,0.0,0.0,0.0032279255423804352,1.0,0.0,0.0,0.0,0.0,0.0,0.0
6.48,0.0,0.0,3.0025308662358383,0.0,0.0,0.0030883796646282756,1.0,0.0,0.0,0.0,0.0,0.0,0.0
6.49,0.0,0.0,3.0025610615236302,0.0,0.0,0.002950678016359886,1.0,0.0,0.0,0.0,0.0,0.0,0.0
6.5,0.0,0.0,3.002589889039418,0.0,0.0,0.0028148252566943407,1.0,0.0,0.0,0.0,0.0,0.0,0.0
6.51,0.0,0.0,3.002617367292153,0.0,0.0,0.0026808253989202375,1.0,0.0,0.0,0.0,0.0,0.0,0.0
6.5200000000000005,0.0,0.0,3.002643514827749,0.0,0.0,0.0025486818221004594,1.0,0.0,0.0,0.0,0.0,0.0,0.0
6.53,0.0,0.0,3.0026683502227955,0.0,0.0,0.0024183972826357747,1.0,0.0,0.0,0.0,0.0,0.0,0.0
6.54,0.0,0.0,3.002691892078392,0.0,0.0,0.0022899739257849143,1.0,0.0,0.0,0.0,0.0,0.0,0.0
6.55,0.0,0.0,3.0027141590140913,0.0,0.0,0.0021634132971384335,1.0,0.0,0.0,0.0,0.0,0.0,0.0
6.5600000000000005,0.0,0.0,3.002735169661961,0.0,0.0,0.002038716354043953,1.0,0.0,0.0,0.0,0.0,0.0,0.0
6.57,0.0,0.0,3.002754942660758,0.0,0.0,0.0019158834769802777,1.0,0.0,0.0,0.0,0.0,0.0,0.0
6.58,0.0,0.0,3.002773496650216,0.0,0.0,0.001794914480878172,1.0,0.0,0.0,0.0,0.0,0.0,0.0
6.59,0.0,0.0,3.0027908502654475,0.0,0.0,0.0016758086263852843,1.0,0.0,0.0,0.0,0.0,0.0,0.0
6.6000000000000005,0.0,0.0,3.002807022131455,0.0,0.0,0.0015585646310732923,1.0,0.0,0.0,0.0,0.0,0.0,0.0
6.61,0.0,0.0,3.0028220308577582,0.0,0.0,0.0014431806805848425,1.0,0.0,0.0,0.0,0.0,0.0,0.0
6.62,0.0,0.0,3.0028358950331278,0.0,0.0,0.0013296544397181941,1.0,0.0,0.0,0.0,0.0,0.0,0.0
6.63,0.0,0.0,3.002848633220434,0.0,0.0,0.0012179830634477897,1.0,0.0,0.0,0.0,0.0,0.0,0.0
6.640000000000001,0.0,0.0,3.0028602639516024,0.0,0.0,0.0011081632078783067,1.0,0.0,0.0,0.0,0.0,0.0,0.0
6.65,0.0,0.0,3.00287080572268,0.0,0.0,0.0010001910411307463,1.0,0.0,0.0,0.0,0.0,0.0,0.0
6.66,0.0,0.0,3.002880276989008,0.0,0.0,0.0008940622541582678,1.0,0.0,0.0,0.0,0.0,0.0,0.0
6.67,0.0,0.0,3.0028886961605066,0.0,0.0,0.0007897720714902071,1.0,0.0,0.0,0.0,0.0,0.0,0.0
6.68,0.0,0.0,3.002896081597062,0.0,0.0,0.0006873152619024177,1.0,0.0,0.0,0.0,0.0,0.0,0.0
6.69,0.0,0.0,3.002902451604022,0.0,0.0,0.0005866861490123132,1.0,0.0,0.0,0.0,0.0,0.0,0.0
6.7,0.0,0.0,3.0029078244277976,0.0,0.0,0.0004878786217967671,1.0,0.0,0.0,0.0,0.0,0.0,0.0
6.71,0.0,0.0,3.002912218251569,0.0,0.0,0.00039088614503160094,1.0,0.0,0.0,0.0,0.0,0.0,0.0
6.72,0.0,0.0,3.002915651191094,0.0,0.0,0.00029570176965075794,1.0,0.0,0.0,0.0,0.0,0.0,0.0
6.73,0.0,0.0,3.0029181412906234,0.0,0.0,0.00020231814302392847,1.0,0.0,0.0,0.0,0.0,0.0,0.0
6.74,0.0,0.0,3.002919706518913,0.0,0.0,0.00011072751915109836,1.0,0.0,0.0,0.0,0.0,0.0,0.0
6.75,0.0,0.0,3.0029203647653437,0.0,0.0,2.0921768772666727e-05,1.0,0.0,0.0,0.0,0.0,0.0,0.0
6.76,0.0,0.0,3.002920133836141,0.0,0.0,-6.710760864904933e-05,1.0,0.0,0.0,0.0,0.0,0.0,0.0
6.7700000000000005,0.0,0.0,3.0029190314507823,0.0,0.0,-0.00015336946026006957,1.0,0.0,0.0,0.0,0.0,0.0,0.0
6.78,0.0,0.0,3.0029170752385554,0.0,0.0,-0.00023787298019560632,1.0,0.0,0.0,0.0,0.0,0.0,0.0
6.79,0.0,0.0,3.002914282735079,0.0,0.0,-0.0003206277082521418,1.0,0.0,0.0,0.0,0.0,0.0,0.0
6.8,0.0,0.0,3.0029106713788933,0.0,0.0,-0.00040164352027102887,1.0,0.0,0.0,0.0,0.0,0.0,0.0
6.8100000000000005,0.0,0.0,3.002906258508148,0.0,0.0,-0.0004809306184831811,1.0,0.0,0.0,0.0,0.0,0.0,0.0
6.82,0.0,0.0,3.0029010613573863,0.0,0.0,-0.000558499521947553,1.0,0.0,0.0,0.0,0.0,0.0,0.0
6.83,0.0,0.0,3.0028950970544246,0.0,0.0,-0.0006343610570844585,1.0,0.0,0.0,0.0,0.0,0.0,0.0
6.84,0.0,0.0,3.002888382617324,0.0,0.0,-0.0007085263483047738,1.0,0.0,0.0,0.0,0.0,0.0,0.0
6.8500000000000005,0.0,0.0,3.002880934951459,0.0,0.0,-0.0007810068087357734,1.0,0.0,0.0,0.0,0.0,0.0,0.0
6.86,0.0,0.0,3.002872770846675,0.0,0.0,-0.0008518141310447649,1.0,0.0,0.0,0.0,0.0,0.0,0.0
6.87,0.0,0.0,3.0028639069745373,0.0,0.0,-0.0009209602783610303,1.0,0.0,0.0,0.0,0.0,0.0,0.0
6.88,0.0,0.0,3.002854359885674,0.0,0.0,-0.0009884574752971004,1.0,0.0,0.0,0.0,0.0,0.0,0.0
6.890000000000001,0.0,0.0,3.002844146007203,0.0,0.0,-0.0010543181990700463,1.0,0.0,0.0,0.0,0.0,0.0,0.0
6.9,0.0,0.0,3.002833281640251,0.0,0.0,-0.001118555170723318,1.0,0.0,0.0,0.0,0.0,0.0,0.0
6.91,0.0,0.0,3.0028217829575587,0.0,0.0,-0.001181181346450112,1.0,0.0,0.0,0.0,0.0,0.0,0.0
6.92,0.0,0.0,3.0028096660011725,0.0,0.0,-0.001242209909018514,1.0,0.0,0.0,0.0,0.0,0.0,0.0
6.93,0.0,0.0,3.0027969466802196,0.0,0.0,-0.0013016542592992262,1.0,0.0,0.0,0.0,0.0,0.0,0.0
6.94,0.0,0.0,3.00278364076877,0.0,0.0,-0.001359528007896257,1.0,0.0,0.0,0.0,0.0,0.0,0.0
6.95,0.0,0.0,3.002769763903781,0.0,0.0,-0.0014158449668811852,1.0,0.0,0.0,0.0,0.0,0.0,0.0
6.96,0.0,0.0,3.002755331583122,0.0,0.0,-0.0014706191416312385,1.0,0.0,0.0,0.0,0.0,0.0,0.0
6.97,0.0,0.0,3.0027403591636825,0.0,0.0,-0.0015238647227718513,1.0,0.0,0.0,0.0,0.0,0.0,0.0
6.98,0.0,0.0,3.0027248618595594,0.0,0.0,-0.00157559607822377,1.0,0.0,0.0,0.0,0.0,0.0,0.0
6.99,0.0,0.0,3.002708854740323,0.0,0.0,-0.001625827745355185,1.0,0.0,0.0,0.0,0.0,0.0,0.0
